id,lat,lon,data_hora_gmt,satelite,municipio,estado,pais,municipio_id,estado_id,pais_id,numero_dias_sem_chuva,precipitacao,risco_fogo,bioma,frp
f08e4ff8-9d72-35e6-9ebe-5b5c75ed2de8, -19.979000, -47.631800,2025-04-07 00:10:00,GOES-16,CONQUISTA,MINAS GERAIS,Brasil,3118205,31,33,,,,Cerrado,54.2
86843878-84d7-3689-a0c1-97a48010beb7, -12.851100, -43.834099,2025-04-07 00:11:00,METOP-C,SERRA DOURADA,BAHIA,Brasil,2930303,29,33,,,,Cerrado,
bd25d191-357f-3f60-b989-a20e6e52124c, -12.107600, -43.651501,2025-04-07 00:11:00,METOP-C,MUQUÉM DO SÃO FRANCISCO,BAHIA,Brasil,2922250,29,33,,,,Cerrado,
16c01d9a-043d-3ca9-aeb3-ffc19334f7e5,  -9.765800, -41.879902,2025-04-07 00:11:00,METOP-C,SENTO SÉ,BAHIA,Brasil,2930204,29,33,,,,Caatinga,
e0ce32da-6022-331e-a73c-463ede17b473, -12.119400, -43.659100,2025-04-07 00:11:00,METOP-C,MUQUÉM DO SÃO FRANCISCO,BAHIA,Brasil,2922250,29,33,,,,Cerrado,
bcb72069-5f2e-3b08-b335-97b04297d1b2, -12.115400, -43.639801,2025-04-07 00:11:00,METOP-C,MUQUÉM DO SÃO FRANCISCO,BAHIA,Brasil,2922250,29,33,,,,Cerrado,
62950783-2c6f-3cb0-b1f9-1e87ec361ace, -11.178100, -43.563801,2025-04-07 00:11:00,METOP-C,BARRA,BAHIA,Brasil,2902708,29,33,,,,Cerrado,
00e23254-7919-39f9-942e-8419d692c275, -11.548800, -41.572899,2025-04-07 00:11:00,METOP-C,AMÉRICA DOURADA,BAHIA,Brasil,2901155,29,33,,,,Caatinga,
90648ed9-8215-33c1-8cf6-c1a7e07f3a1f, -11.180100, -43.573002,2025-04-07 00:11:00,METOP-C,BARRA,BAHIA,Brasil,2902708,29,33,,,,Cerrado,
f6af787c-88c9-345d-bdfa-3b119e8af112, -12.117400, -43.649399,2025-04-07 00:11:00,METOP-C,MUQUÉM DO SÃO FRANCISCO,BAHIA,Brasil,2922250,29,33,,,,Cerrado,
baa278c9-5c42-36c4-9a30-57170342d1d2, -22.547200, -51.139700,2025-04-07 00:40:00,GOES-16,NANTES,SÃO PAULO,Brasil,3532157,35,33,,,,Cerrado,72.4
cdcb1245-7457-3462-9bbb-d91fbc089953, -22.546600, -51.162500,2025-04-07 00:40:00,GOES-16,NANTES,SÃO PAULO,Brasil,3532157,35,33,,,,Cerrado,67.7
cdcd2918-c36a-3677-b337-cee50249edcb, -22.564800, -51.144699,2025-04-07 00:58:00,METOP-B,NANTES,SÃO PAULO,Brasil,3532157,35,33,,,,Cerrado,
92dfb5fe-a557-39a3-b4a6-3e9a748cb52b, -22.562700, -51.135899,2025-04-07 00:58:00,METOP-B,NANTES,SÃO PAULO,Brasil,3532157,35,33,,,,Cerrado,
2dfe3d27-8eab-3488-995e-2b25d3aed4c7,  -9.931100, -59.903702,2025-04-07 00:58:00,METOP-B,ARIPUANÃ,MATO GROSSO,Brasil,5101407,51,33,,,,Amazônia,
f100ddd0-f4fd-3802-8226-a83a97f9199c, -22.935900, -49.968899,2025-04-07 00:58:00,METOP-B,CAMBARÁ,PARANÁ,Brasil,4103602,41,33,,,,Mata Atlântica,
1e038aec-68d6-321f-b801-8fa70837b446, -20.634001, -55.029800,2025-04-07 00:58:00,METOP-B,TERENOS,MATO GROSSO DO SUL,Brasil,5008008,50,33,,,,Cerrado,
766832d7-494b-324e-9f62-791849683ba2, -22.922720, -49.978450,2025-04-07 01:02:00,TERRA_M-M,CAMBARÁ,PARANÁ,Brasil,4103602,41,33,,,,Mata Atlântica,13.4
f59aba66-a48e-3899-aca0-c725182ffb85, -20.623790, -55.043090,2025-04-07 01:02:00,TERRA_M-M,TERENOS,MATO GROSSO DO SUL,Brasil,5008008,50,33,,,,Cerrado,5.7
0fec5ee3-a3b5-3367-b7f0-ac3d8177549c, -22.551570, -51.156890,2025-04-07 01:02:00,TERRA_M-M,NANTES,SÃO PAULO,Brasil,3532157,35,33,,,,Cerrado,24.3
1caf0d17-68c0-3039-9603-08bd716824fe, -22.550260, -51.147210,2025-04-07 01:02:00,TERRA_M-M,NANTES,SÃO PAULO,Brasil,3532157,35,33,,,,Cerrado,25.9
acd22ec1-997c-3dd3-b3d4-3d02ab9c1f5e, -12.112410, -43.654350,2025-04-07 01:05:00,TERRA_M-M,MUQUÉM DO SÃO FRANCISCO,BAHIA,Brasil,2922250,29,33,,,,Cerrado,56.8
e2fce5a9-5a83-3d92-a65b-e9ef16f4eded, -15.261360, -51.475290,2025-04-07 01:05:00,TERRA_M-M,JUSSARA,GOIÁS,Brasil,5212204,52,33,,,,Cerrado,3.6
ba3befe7-0819-3af6-b6fa-02de9fafa396, -12.106780, -43.650130,2025-04-07 01:05:00,TERRA_M-M,MUQUÉM DO SÃO FRANCISCO,BAHIA,Brasil,2922250,29,33,,,,Cerrado,49.4
606509af-cbbb-3c4a-8eb6-033fe3fb87a0, -13.049340, -53.717860,2025-04-07 01:05:00,TERRA_M-M,GAÚCHA DO NORTE,MATO GROSSO,Brasil,5103858,51,33,,,,Amazônia,9.9
665d0533-29eb-3af6-a65c-d6231f142a2e,  -9.923990, -59.907180,2025-04-07 01:07:00,TERRA_M-M,ARIPUANÃ,MATO GROSSO,Brasil,5101407,51,33,,,,Amazônia,11.1
cb55a143-f20e-3b08-80e3-fd1f076a52a2, -19.616400, -48.313400,2025-04-07 02:00:00,GOES-16,VERÍSSIMO,MINAS GERAIS,Brasil,3171105,31,33,,,,Cerrado,51.4
3b62671d-ca0c-366b-bfdb-c8a4abbbb031, -19.615800, -48.336500,2025-04-07 02:00:00,GOES-16,VERÍSSIMO,MINAS GERAIS,Brasil,3171105,31,33,,,,Cerrado,132.3
c45be6ef-3f08-37c8-89db-3dc677e279cf, -19.636100, -48.332100,2025-04-07 02:00:00,GOES-16,VERÍSSIMO,MINAS GERAIS,Brasil,3171105,31,33,,,,Cerrado,128.8
487ab3cd-a7e5-3c96-a69d-d38af4053222, -19.636700, -48.309000,2025-04-07 02:00:00,GOES-16,VERÍSSIMO,MINAS GERAIS,Brasil,3171105,31,33,,,,Cerrado,49.8
dbf220ef-1e67-3c5f-a7a5-b7cfb64a17d6, -22.567500, -51.157900,2025-04-07 02:40:00,GOES-16,NANTES,SÃO PAULO,Brasil,3532157,35,33,,,,Cerrado,85.2
2f00bf6c-bee6-3c3e-b3a5-b5c20008d8bf, -22.546600, -51.162500,2025-04-07 02:40:00,GOES-16,NANTES,SÃO PAULO,Brasil,3532157,35,33,,,,Cerrado,71.3
3ac7443a-7252-343c-ade9-7747d5f8fec3, -19.636100, -48.332100,2025-04-07 02:50:00,GOES-16,VERÍSSIMO,MINAS GERAIS,Brasil,3171105,31,33,,,,Cerrado,59.0
be477599-42b6-36c6-9fc2-d942b0138491,  -7.244710, -39.177920,2025-04-07 03:47:00,NOAA-20,MISSÃO VELHA,CEARÁ,Brasil,2308401,23,33,,,,Caatinga,0.9
27bbc86e-0b1b-3e64-8cd5-891c05ed9873, -15.011350, -47.345580,2025-04-07 03:47:00,NOAA-20,FORMOSA,GOIÁS,Brasil,5208004,52,33,,,,Cerrado,0.8
409ee8a0-e5e7-3115-87f8-27007bbe81f3, -16.347920, -43.694430,2025-04-07 03:47:00,NOAA-20,CAPITÃO ENÉAS,MINAS GERAIS,Brasil,3112703,31,33,,,,Cerrado,1.0
1f52145c-f5e1-34bd-b47a-b992dc53e0c4, -10.620580, -40.512530,2025-04-07 03:47:00,NOAA-20,CAMPO FORMOSO,BAHIA,Brasil,2906006,29,33,,,,Caatinga,0.6
d789c6a9-2ec2-32b4-9ea9-e8dbf9d7868b, -15.009570, -47.344040,2025-04-07 03:47:00,NOAA-20,FORMOSA,GOIÁS,Brasil,5208004,52,33,,,,Cerrado,1.1
6b1c877a-433e-3227-8af4-4ebb36b89355, -15.010740, -47.348720,2025-04-07 03:47:00,NOAA-20,FORMOSA,GOIÁS,Brasil,5208004,52,33,,,,Cerrado,0.8
76bb8964-c023-3869-a207-bd253911fa23, -14.205820, -47.777340,2025-04-07 03:47:00,NOAA-20,ALTO PARAÍSO DE GOIÁS,GOIÁS,Brasil,5200605,52,33,,,,Cerrado,1.0
32d417ca-8405-39db-bf38-ac84da3e2934,  -8.073600, -34.976450,2025-04-07 03:47:00,NOAA-20,RECIFE,PERNAMBUCO,Brasil,2611606,26,33,,,,Mata Atlântica,0.8
116a91c3-92d3-3dd7-8172-a06500bd979e,  -7.699220, -42.102360,2025-04-07 03:47:00,NOAA-20,SIMPLÍCIO MENDES,PIAUÍ,Brasil,2210805,22,33,,,,Caatinga,0.6
8c4de27c-e2ec-37d6-bef7-c30c2c8ba89a, -14.083130, -45.608180,2025-04-07 03:47:00,NOAA-20,JABORANDI,BAHIA,Brasil,2917359,29,33,,,,Cerrado,0.4
bb4b3756-e87a-3e69-ba78-e733fde3a275, -14.087710, -45.609200,2025-04-07 03:47:00,NOAA-20,JABORANDI,BAHIA,Brasil,2917359,29,33,,,,Cerrado,0.4
8e0d4e9e-70b8-3eda-a3f2-4652d68f8e52, -16.572350, -43.747970,2025-04-07 03:47:00,NOAA-20,FRANCISCO SÁ,MINAS GERAIS,Brasil,3126703,31,33,,,,Cerrado,1.3
77bf4233-d56b-3c14-82c5-6958faf5feab, -15.013450, -47.350960,2025-04-07 03:47:00,NOAA-20,FORMOSA,GOIÁS,Brasil,5208004,52,33,,,,Cerrado,0.7
4cdfbf41-bcaa-3f4a-9bef-4cff4b275be9, -10.857270, -40.420590,2025-04-07 03:47:00,NOAA-20,SAÚDE,BAHIA,Brasil,2929800,29,33,,,,Caatinga,0.6
90e51329-cfe6-3b08-ba6d-98ad9743dce9, -15.014120, -47.347610,2025-04-07 03:47:00,NOAA-20,FORMOSA,GOIÁS,Brasil,5208004,52,33,,,,Cerrado,0.7
8ab0ae19-0cd7-3dfa-b882-8da190ef0b92, -11.113320, -38.445050,2025-04-07 03:47:00,NOAA-20,CIPÓ,BAHIA,Brasil,2907905,29,33,,,,Caatinga,0.9
12783051-1ed1-3791-afb0-d71107e48ee6, -15.705110, -43.834920,2025-04-07 03:47:00,NOAA-20,VARZELÂNDIA,MINAS GERAIS,Brasil,3170909,31,33,,,,Caatinga,1.8
23230e8c-3208-3065-896a-21146773c254, -11.064640, -38.663480,2025-04-07 03:47:00,NOAA-20,TUCANO,BAHIA,Brasil,2931905,29,33,,,,Caatinga,0.6
0a7b3746-1069-35ca-8fad-719266ce6ea1, -16.347680, -43.698380,2025-04-07 03:47:00,NOAA-20,CAPITÃO ENÉAS,MINAS GERAIS,Brasil,3112703,31,33,,,,Cerrado,1.0
08065bb7-238f-365e-aebc-671527bf11d2, -10.860780, -40.421350,2025-04-07 03:47:00,NOAA-20,SAÚDE,BAHIA,Brasil,2929800,29,33,,,,Caatinga,1.1
85c0c424-bbad-3863-a55e-f71ce606512d, -15.006150, -47.345200,2025-04-07 03:47:00,NOAA-20,FORMOSA,GOIÁS,Brasil,5208004,52,33,,,,Cerrado,0.8
d0595edf-71be-3350-8e5f-9f101970d92f, -15.008990, -47.346920,2025-04-07 03:47:00,NOAA-20,FORMOSA,GOIÁS,Brasil,5208004,52,33,,,,Cerrado,0.7
82e088ad-5bd1-3830-8d57-7c148f49ca64, -21.410970, -48.470110,2025-04-07 03:49:00,NOAA-20,TAQUARITINGA,SÃO PAULO,Brasil,3553708,35,33,,,,Cerrado,1.3
4df888d5-e906-3e81-a990-1776829359c0, -12.862080, -38.365650,2025-04-07 03:49:00,NOAA-20,SALVADOR,BAHIA,Brasil,2927408,29,33,,,,Mata Atlântica,0.6
0612f551-9f58-3f2f-8cd7-08d56b19c328, -17.347300, -43.858990,2025-04-07 03:49:00,NOAA-20,BOCAIÚVA,MINAS GERAIS,Brasil,3107307,31,33,,,,Cerrado,2.1
ab1a848a-4076-3d50-9249-a08f9d8f57d5, -21.408270, -48.468250,2025-04-07 03:49:00,NOAA-20,TAQUARITINGA,SÃO PAULO,Brasil,3553708,35,33,,,,Cerrado,1.0
49408437-484c-3482-b4ba-e79010548857, -12.843690, -43.835130,2025-04-07 03:49:00,NOAA-20,SERRA DOURADA,BAHIA,Brasil,2930303,29,33,,,,Cerrado,4.1
b2f5216d-d465-367f-9656-2fd7f2c987cf, -12.111920, -43.650240,2025-04-07 03:49:00,NOAA-20,MUQUÉM DO SÃO FRANCISCO,BAHIA,Brasil,2922250,29,33,,,,Cerrado,1.1
9e5a1328-a4f7-3ae9-a64b-c4f0aec34bc4, -20.762360, -46.770470,2025-04-07 03:49:00,NOAA-20,ITAÚ DE MINAS,MINAS GERAIS,Brasil,3133758,31,33,,,,Mata Atlântica,1.2
9cb90097-fab3-3286-b100-18cd736cbd8f, -21.912110, -42.262330,2025-04-07 03:49:00,NOAA-20,CANTAGALO,RIO DE JANEIRO,Brasil,3301108,33,33,,,,Mata Atlântica,0.7
447e1b37-27b9-3dab-b1b5-ff0c7dfb5d25, -12.107010, -43.653400,2025-04-07 03:49:00,NOAA-20,MUQUÉM DO SÃO FRANCISCO,BAHIA,Brasil,2922250,29,33,,,,Cerrado,1.1
4b714601-13a5-3282-8b36-c71c2fff9be9, -17.008730, -45.867130,2025-04-07 03:49:00,NOAA-20,BRASILÂNDIA DE MINAS,MINAS GERAIS,Brasil,3108552,31,33,,,,Cerrado,1.5
2e273cf8-4588-33b7-b433-410a42033f3c, -12.111200, -43.654170,2025-04-07 03:49:00,NOAA-20,MUQUÉM DO SÃO FRANCISCO,BAHIA,Brasil,2922250,29,33,,,,Cerrado,1.1
b485072a-5d0b-3c25-bfad-b5cafb1c97e3, -12.111300, -43.651180,2025-04-07 03:49:00,NOAA-20,MUQUÉM DO SÃO FRANCISCO,BAHIA,Brasil,2922250,29,33,,,,Cerrado,1.7
7adfb0cb-d77d-31cc-84cf-dd0de9d8beec, -12.374440, -38.227250,2025-04-07 03:49:00,NOAA-20,POJUCA,BAHIA,Brasil,2925204,29,33,,,,Mata Atlântica,0.7
e0be2a50-a529-38f6-961f-4f0fe583d71f, -12.110620, -43.655120,2025-04-07 03:49:00,NOAA-20,MUQUÉM DO SÃO FRANCISCO,BAHIA,Brasil,2922250,29,33,,,,Cerrado,1.7
6a560dca-7663-3648-a474-38c792226e7b, -17.013170, -45.868030,2025-04-07 03:49:00,NOAA-20,BRASILÂNDIA DE MINAS,MINAS GERAIS,Brasil,3108552,31,33,,,,Cerrado,1.5
87944a98-5cb9-3c09-bef1-b37ccf8433a2, -19.511550, -44.276660,2025-04-07 03:49:00,NOAA-20,SETE LAGOAS,MINAS GERAIS,Brasil,3167202,31,33,,,,Cerrado,1.1
90173928-0000-349c-a5e5-e8b3570c9538, -12.844390, -43.834800,2025-04-07 03:49:00,NOAA-20,SERRA DOURADA,BAHIA,Brasil,2930303,29,33,,,,Cerrado,3.8
72e48b4f-0822-3319-9bb8-9a4a7c089362, -12.106430, -43.654340,2025-04-07 03:49:00,NOAA-20,MUQUÉM DO SÃO FRANCISCO,BAHIA,Brasil,2922250,29,33,,,,Cerrado,0.8
bcee0715-1dac-3836-a6f1-37efa006c4ff, -12.706130, -44.933070,2025-04-07 03:49:00,NOAA-20,SÃO DESIDÉRIO,BAHIA,Brasil,2928901,29,33,,,,Cerrado,1.7
fa82459d-268a-30f2-917d-2fc97a577df5, -11.373160, -42.094440,2025-04-07 03:49:00,NOAA-20,UIBAÍ,BAHIA,Brasil,2932408,29,33,,,,Caatinga,0.9
749e35ee-33a9-3923-a0d7-7ff1784c8b95, -29.809780, -51.227520,2025-04-07 03:51:00,NOAA-20,NOVA SANTA RITA,RIO GRANDE DO SUL,Brasil,4313375,43,33,,,,Pampa,4.1
d033b3c5-04e9-3464-9793-94dea55ae8c1, -29.808140, -51.227750,2025-04-07 03:51:00,NOAA-20,NOVA SANTA RITA,RIO GRANDE DO SUL,Brasil,4313375,43,33,,,,Pampa,3.7
4da9c395-400b-3b77-a8e8-8f41d5adfbb6, -13.047930, -53.711510,2025-04-07 04:40:00,NOAA-21,GAÚCHA DO NORTE,MATO GROSSO,Brasil,5103858,51,33,,,,Amazônia,1.7
6f140613-7dec-3342-b439-0b6fcecf5678, -11.175700, -43.570220,2025-04-07 04:40:00,NOAA-21,BARRA,BAHIA,Brasil,2902708,29,33,,,,Cerrado,1.0
bfa37a16-87d0-356f-9308-33df91a00196, -11.171140, -43.569540,2025-04-07 04:40:00,NOAA-21,BARRA,BAHIA,Brasil,2902708,29,33,,,,Cerrado,1.0
b34dc138-bcac-3a2c-9f99-fb1ee946f5a5, -12.108260, -43.654700,2025-04-07 04:40:00,NOAA-21,MUQUÉM DO SÃO FRANCISCO,BAHIA,Brasil,2922250,29,33,,,,Cerrado,13.0
24133bba-24fa-341e-8d85-2e0d3244de29, -14.086660, -45.611290,2025-04-07 04:40:00,NOAA-21,JABORANDI,BAHIA,Brasil,2917359,29,33,,,,Cerrado,3.7
ef45926f-2184-311d-b901-b8d48c272137, -15.571120, -47.855910,2025-04-07 04:40:00,NOAA-21,BRASÍLIA,DISTRITO FEDERAL,Brasil,5300108,53,33,,,,Cerrado,1.3
b32614b8-2a9d-3508-9730-aa02c1f96047, -12.707150, -44.932040,2025-04-07 04:40:00,NOAA-21,SÃO DESIDÉRIO,BAHIA,Brasil,2928901,29,33,,,,Cerrado,1.3
c4c40e2b-089d-3eff-8124-3e3ba8569ef5, -13.050780, -53.716170,2025-04-07 04:40:00,NOAA-21,GAÚCHA DO NORTE,MATO GROSSO,Brasil,5103858,51,33,,,,Amazônia,1.7
63d74a69-39f3-3e3c-b75d-0cc505943529,  -9.931710, -59.904830,2025-04-07 04:40:00,NOAA-21,ARIPUANÃ,MATO GROSSO,Brasil,5101407,51,33,,,,Amazônia,1.0
f9293969-975b-3964-9e5d-984208e430bd, -12.113470, -43.650550,2025-04-07 04:40:00,NOAA-21,MUQUÉM DO SÃO FRANCISCO,BAHIA,Brasil,2922250,29,33,,,,Cerrado,7.3
0dc9bbb1-1b4e-3acc-81a8-0589733bfe92, -12.108750, -43.653320,2025-04-07 04:40:00,NOAA-21,MUQUÉM DO SÃO FRANCISCO,BAHIA,Brasil,2922250,29,33,,,,Cerrado,7.3
b4c5b5d7-220d-36b4-a81a-8b3ddab38304, -11.315750, -51.462960,2025-04-07 04:40:00,NOAA-21,SÃO FÉLIX DO ARAGUAIA,MATO GROSSO,Brasil,5107859,51,33,,,,Cerrado,0.2
f4d4f8d6-5bf2-3d12-a47b-f6b9296a9e9f, -12.707350, -44.934040,2025-04-07 04:40:00,NOAA-21,SÃO DESIDÉRIO,BAHIA,Brasil,2928901,29,33,,,,Cerrado,1.4
6cd77709-6c7c-3e3e-9e8c-127efc495747, -12.113340, -43.653980,2025-04-07 04:40:00,NOAA-21,MUQUÉM DO SÃO FRANCISCO,BAHIA,Brasil,2922250,29,33,,,,Cerrado,18.8
b573cf97-3a37-39db-b009-08104f263958, -15.739150, -46.281820,2025-04-07 04:40:00,NOAA-21,BURITIS,MINAS GERAIS,Brasil,3109303,31,33,,,,Cerrado,0.9
fde2b395-6890-32cf-a7ed-a32884cd7272,  -9.926250, -59.903810,2025-04-07 04:40:00,NOAA-21,ARIPUANÃ,MATO GROSSO,Brasil,5101407,51,33,,,,Amazônia,1.0
6711d293-28d8-3b72-b45e-924a320e228d, -13.742750, -46.883500,2025-04-07 04:40:00,NOAA-21,NOVA ROMA,GOIÁS,Brasil,5214903,52,33,,,,Cerrado,1.4
7cb43fb4-2316-3048-8738-5876178d31aa, -12.846820, -43.833510,2025-04-07 04:40:00,NOAA-21,SERRA DOURADA,BAHIA,Brasil,2930303,29,33,,,,Cerrado,3.2
9df8b5bc-a12e-32b5-8ba9-5965785dbbe6, -13.047260, -53.715550,2025-04-07 04:40:00,NOAA-21,GAÚCHA DO NORTE,MATO GROSSO,Brasil,5103858,51,33,,,,Amazônia,1.7
dad766b8-874d-3407-af48-1daf4bd8f720, -12.112860, -43.655360,2025-04-07 04:40:00,NOAA-21,MUQUÉM DO SÃO FRANCISCO,BAHIA,Brasil,2922250,29,33,,,,Cerrado,13.0
e1704dcc-9c66-3320-9078-f1b7a764581b,  -9.919450, -59.910040,2025-04-07 04:40:00,NOAA-21,ARIPUANÃ,MATO GROSSO,Brasil,5101407,51,33,,,,Amazônia,2.2
b93823e9-9db7-3f34-bf78-a6ece557d23b, -15.078840, -48.943980,2025-04-07 04:40:00,NOAA-21,BARRO ALTO,GOIÁS,Brasil,5203203,52,33,,,,Cerrado,2.7
0ed15269-95ac-3626-b7e5-65cf35c5bfa2, -12.127800, -38.167940,2025-04-07 04:40:00,NOAA-21,ENTRE RIOS,BAHIA,Brasil,2910503,29,33,,,,Mata Atlântica,2.1
37551134-db0b-3380-82e0-d1a5ddf7f13b, -15.015140, -47.347000,2025-04-07 04:40:00,NOAA-21,FORMOSA,GOIÁS,Brasil,5208004,52,33,,,,Cerrado,2.0
e3cd279b-67a3-363a-ac37-8894a9e4e2a9,  -9.918780, -59.913670,2025-04-07 04:40:00,NOAA-21,ARIPUANÃ,MATO GROSSO,Brasil,5101407,51,33,,,,Amazônia,2.2
59296dad-1091-3b5c-a4a4-b9660572766a,  -9.130660, -62.476520,2025-04-07 04:40:00,NOAA-21,CUJUBIM,RONDÔNIA,Brasil,1100940,11,33,,,,Amazônia,3.4
e7a35a8b-943c-3bd5-8916-b7b6a2842d3c, -17.008200, -45.869010,2025-04-07 04:42:00,NOAA-21,BRASILÂNDIA DE MINAS,MINAS GERAIS,Brasil,3108552,31,33,,,,Cerrado,1.6
9ec37f3b-3b0b-32f4-96eb-ee00c1834e3b, -17.012440, -45.869660,2025-04-07 04:42:00,NOAA-21,BRASILÂNDIA DE MINAS,MINAS GERAIS,Brasil,3108552,31,33,,,,Cerrado,1.6
e162b70c-7eaf-3928-9550-3105e1561715, -15.266710, -51.473660,2025-04-07 04:42:00,NOAA-21,JUSSARA,GOIÁS,Brasil,5212204,52,33,,,,Cerrado,2.5
6ec75da4-f225-38c8-8660-5a187ef22c18, -20.763530, -46.768890,2025-04-07 04:42:00,NOAA-21,ITAÚ DE MINAS,MINAS GERAIS,Brasil,3133758,31,33,,,,Mata Atlântica,1.2
f0dbed91-0bbc-395e-b612-f964a66ea156, -16.572860, -43.749140,2025-04-07 04:42:00,NOAA-21,FRANCISCO SÁ,MINAS GERAIS,Brasil,3126703,31,33,,,,Cerrado,1.8
2648e87a-fd76-3fa4-9556-a252f25362a0, -21.195370, -44.938800,2025-04-07 04:42:00,NOAA-21,IJACI,MINAS GERAIS,Brasil,3130408,31,33,,,,Mata Atlântica,1.2
0a177723-d200-3a02-af9b-5e93a5556c2d, -18.584460, -53.052160,2025-04-07 04:42:00,NOAA-21,COSTA RICA,MATO GROSSO DO SUL,Brasil,5003256,50,33,,,,Cerrado,1.7
6928476e-6858-3688-9704-e78a0cb5fdea, -21.411050, -48.468330,2025-04-07 04:42:00,NOAA-21,TAQUARITINGA,SÃO PAULO,Brasil,3553708,35,33,,,,Cerrado,1.7
a223b7ff-f02d-3573-ade8-e0ae2c18e93c, -18.583870, -53.055830,2025-04-07 04:42:00,NOAA-21,COSTA RICA,MATO GROSSO DO SUL,Brasil,5003256,50,33,,,,Cerrado,1.7
ea75f7ec-caaa-3513-b5ae-41684a99c6cd, -20.206460, -55.261750,2025-04-07 04:42:00,NOAA-21,AQUIDAUANA,MATO GROSSO DO SUL,Brasil,5001102,50,33,,,,Cerrado,1.3
429639cc-f14a-3b0f-90f3-a672b6b0e68d, -17.012960, -45.865420,2025-04-07 04:42:00,NOAA-21,BRASILÂNDIA DE MINAS,MINAS GERAIS,Brasil,3108552,31,33,,,,Cerrado,2.2
7ce4d572-0490-37b0-8b98-e5e76b12a39e, -21.002330, -56.682800,2025-04-07 04:44:00,NOAA-21,BONITO,MATO GROSSO DO SUL,Brasil,5002209,50,33,,,,Cerrado,1.1
79253997-06c3-3b38-9280-fd0e26681257, -22.541190, -48.811450,2025-04-07 04:44:00,NOAA-21,MACATUBA,SÃO PAULO,Brasil,3528007,35,33,,,,Cerrado,1.5
0726ac8d-77ac-3cdf-92ce-2a3ad53bf910, -21.006860, -56.678930,2025-04-07 04:44:00,NOAA-21,BONITO,MATO GROSSO DO SUL,Brasil,5002209,50,33,,,,Cerrado,1.6
5e483064-43b0-3ac4-b416-09ae5080ce58, -24.244710, -50.739320,2025-04-07 04:44:00,NOAA-21,ORTIGUEIRA,PARANÁ,Brasil,4117305,41,33,,,,Mata Atlântica,1.5
c2980b8f-5735-3440-89df-9faa211ff1c6, -21.003180, -56.678190,2025-04-07 04:44:00,NOAA-21,BONITO,MATO GROSSO DO SUL,Brasil,5002209,50,33,,,,Cerrado,1.6
fed30076-1eb9-3849-8ca9-9692cc2dee62, -21.004360, -56.679840,2025-04-07 04:44:00,NOAA-21,BONITO,MATO GROSSO DO SUL,Brasil,5002209,50,33,,,,Cerrado,2.9
5bb89c77-722c-397d-9c93-d9de0e4cfaee, -22.161610, -49.970480,2025-04-07 04:44:00,NOAA-21,MARÍLIA,SÃO PAULO,Brasil,3529005,35,33,,,,Mata Atlântica,0.7
2f018094-7adf-3939-8406-09e9ba9db262, -29.867190, -51.164700,2025-04-07 04:46:00,NOAA-21,CANOAS,RIO GRANDE DO SUL,Brasil,4304606,43,33,,,,Pampa,4.1
84f1c2d1-fa86-30b3-87ba-b8b8cd282b47, -29.810670, -51.225920,2025-04-07 04:46:00,NOAA-21,NOVA SANTA RITA,RIO GRANDE DO SUL,Brasil,4313375,43,33,,,,Pampa,7.0
06c1cdc8-832b-3d38-b090-5665020a1f58, -30.105520, -51.658650,2025-04-07 04:46:00,NOAA-21,ELDORADO DO SUL,RIO GRANDE DO SUL,Brasil,4306767,43,33,,,,Pampa,0.8
85ea1751-0ca8-3be1-a156-1dc50b771fbe, -15.266320, -51.473470,2025-04-07 05:06:00,NPP-375D,JUSSARA,GOIÁS,Brasil,5212204,52,33,,,,Cerrado,1.2
998a86c5-fc4c-3955-b943-4862bf06e0b1, -12.112750, -43.649420,2025-04-07 05:06:00,NPP-375D,MUQUÉM DO SÃO FRANCISCO,BAHIA,Brasil,2922250,29,33,,,,Cerrado,6.0
661817cf-1bbe-3b2e-b9ce-cf05dc514c24, -11.315400, -51.463240,2025-04-07 05:06:00,NPP-375D,SÃO FÉLIX DO ARAGUAIA,MATO GROSSO,Brasil,5107859,51,33,,,,Cerrado,0.8
76d46cdf-e932-3029-817e-e23c1423ac9e,  -9.919270, -59.911070,2025-04-07 05:06:00,NPP-375D,ARIPUANÃ,MATO GROSSO,Brasil,5101407,51,33,,,,Amazônia,3.7
d45ce116-9199-3836-8f21-1af4f52ab515, -13.047880, -53.713200,2025-04-07 05:06:00,NPP-375D,GAÚCHA DO NORTE,MATO GROSSO,Brasil,5103858,51,33,,,,Amazônia,1.3
ef4c3a01-7620-3115-bc62-3d85b118835e, -12.112030, -43.655910,2025-04-07 05:06:00,NPP-375D,MUQUÉM DO SÃO FRANCISCO,BAHIA,Brasil,2922250,29,33,,,,Cerrado,6.0
8ca5972e-1027-3104-be67-d630ec49eaee,  -9.926620, -59.934590,2025-04-07 05:06:00,NPP-375D,ARIPUANÃ,MATO GROSSO,Brasil,5101407,51,33,,,,Amazônia,1.2
db49ccd1-d7fa-35a3-96ae-db25bcc7fa34, -13.047250, -53.717620,2025-04-07 05:06:00,NPP-375D,GAÚCHA DO NORTE,MATO GROSSO,Brasil,5103858,51,33,,,,Amazônia,0.9
7c3079cd-731a-341e-b059-8ede3d0388e0, -15.076080, -48.943940,2025-04-07 05:06:00,NPP-375D,BARRO ALTO,GOIÁS,Brasil,5203203,52,33,,,,Cerrado,0.9
b3ea0111-902b-34ec-9891-956eb8cd04ac, -13.050940, -53.718140,2025-04-07 05:06:00,NPP-375D,GAÚCHA DO NORTE,MATO GROSSO,Brasil,5103858,51,33,,,,Amazônia,0.8
4eb91217-491e-39af-a693-cf7fb83bed47, -14.085820, -45.612140,2025-04-07 05:06:00,NPP-375D,JABORANDI,BAHIA,Brasil,2917359,29,33,,,,Cerrado,2.9
4bf371ff-bd0a-39f8-ab59-d344f3fee63e, -15.081230, -48.944690,2025-04-07 05:06:00,NPP-375D,BARRO ALTO,GOIÁS,Brasil,5203203,52,33,,,,Cerrado,0.9
d97a7f83-3a52-347d-8e7f-edd1cfd93558,  -9.130760, -62.475750,2025-04-07 05:06:00,NPP-375D,CUJUBIM,RONDÔNIA,Brasil,1100940,11,33,,,,Amazônia,2.5
19e5c8d1-67d1-3032-aa7e-5aa9ce8dfae4, -11.315920, -51.459480,2025-04-07 05:06:00,NPP-375D,SÃO FÉLIX DO ARAGUAIA,MATO GROSSO,Brasil,5107859,51,33,,,,Cerrado,0.7
d2d5a53c-1c8f-3a5c-9881-2fb2d23c0bb0,  -9.924390, -59.903030,2025-04-07 05:06:00,NPP-375D,ARIPUANÃ,MATO GROSSO,Brasil,5101407,51,33,,,,Amazônia,2.0
03f3b9a5-a15c-3fdb-b069-a1380163de62, -18.583400, -53.052680,2025-04-07 05:08:00,NPP-375D,COSTA RICA,MATO GROSSO DO SUL,Brasil,5003256,50,33,,,,Cerrado,0.4
23f126a5-5a24-364b-ae98-215bd6a30f3f, -15.856990, -54.135670,2025-04-07 05:08:00,NPP-375D,POXORÉU,MATO GROSSO,Brasil,5107008,51,33,,,,Cerrado,1.0
9248b306-7c78-3a34-85ac-1a1add310ac3, -20.206590, -55.261870,2025-04-07 05:08:00,NPP-375D,AQUIDAUANA,MATO GROSSO DO SUL,Brasil,5001102,50,33,,,,Cerrado,0.9
8a3b910f-62bc-3d1f-a7cd-58ecad5fe2a0, -21.005770, -56.676530,2025-04-07 05:08:00,NPP-375D,BONITO,MATO GROSSO DO SUL,Brasil,5002209,50,33,,,,Cerrado,2.5
f89a0384-4c4d-3980-8e8d-1bc7ef950a21, -15.855710, -54.138240,2025-04-07 05:08:00,NPP-375D,POXORÉU,MATO GROSSO,Brasil,5107008,51,33,,,,Cerrado,0.9
62d93579-1038-3cde-a07e-ffeb03a4c23c, -18.582900, -53.056480,2025-04-07 05:08:00,NPP-375D,COSTA RICA,MATO GROSSO DO SUL,Brasil,5003256,50,33,,,,Cerrado,0.9
61d773bf-8eed-36e8-87b3-4986048e0006, -21.005190, -56.680660,2025-04-07 05:08:00,NPP-375D,BONITO,MATO GROSSO DO SUL,Brasil,5002209,50,33,,,,Cerrado,2.5
5b55a46b-4f8b-39fa-bb58-bbd862eadcb8, -18.585370, -53.052680,2025-04-07 05:08:00,NPP-375D,COSTA RICA,MATO GROSSO DO SUL,Brasil,5003256,50,33,,,,Cerrado,0.4
03a629d8-cc03-3e00-9a1b-b2081cc7bec2, -18.584890, -53.056500,2025-04-07 05:08:00,NPP-375D,COSTA RICA,MATO GROSSO DO SUL,Brasil,5003256,50,33,,,,Cerrado,1.1
b2458f3a-f31a-31eb-b193-629a934ed621, -29.809570, -51.226200,2025-04-07 05:10:00,NPP-375D,NOVA SANTA RITA,RIO GRANDE DO SUL,Brasil,4313375,43,33,,,,Pampa,2.3
2f7ce8b5-7c8c-3415-911c-d8c0c44a1ca5, -29.807040, -51.223930,2025-04-07 05:10:00,NPP-375D,NOVA SANTA RITA,RIO GRANDE DO SUL,Brasil,4313375,43,33,,,,Pampa,1.1
0a38c5f8-faf5-3054-9a36-7415dc75aa84, -29.812380, -51.224450,2025-04-07 05:10:00,NPP-375D,NOVA SANTA RITA,RIO GRANDE DO SUL,Brasil,4313375,43,33,,,,Pampa,1.1
1bb38758-56cd-31b1-a2b1-52d2bb23d012, -29.812090, -51.228270,2025-04-07 05:10:00,NPP-375D,NOVA SANTA RITA,RIO GRANDE DO SUL,Brasil,4313375,43,33,,,,Pampa,1.1
d7df713b-b21b-3bd3-b88d-6cefff4a8286, -29.806750, -51.227700,2025-04-07 05:10:00,NPP-375D,NOVA SANTA RITA,RIO GRANDE DO SUL,Brasil,4313375,43,33,,,,Pampa,1.1
43ac2772-9f1a-3036-9980-79cde49b6f6f, -29.809250, -51.230030,2025-04-07 05:10:00,NPP-375D,NOVA SANTA RITA,RIO GRANDE DO SUL,Brasil,4313375,43,33,,,,Pampa,2.3
5caeaa08-efa8-3344-b960-ff55014841f3, -29.865710, -51.161950,2025-04-07 05:10:00,NPP-375D,CANOAS,RIO GRANDE DO SUL,Brasil,4304606,43,33,,,,Pampa,2.0
6522f032-6c0e-326f-989b-66ef3c49f07c, -12.104930, -43.650910,2025-04-07 05:18:00,AQUA_M-M,MUQUÉM DO SÃO FRANCISCO,BAHIA,Brasil,2922250,29,33,,,,Cerrado,11.8
78343f28-1885-32e0-9e9b-0d7f56af1ab1, -12.113810, -43.652290,2025-04-07 05:18:00,AQUA_M-M,MUQUÉM DO SÃO FRANCISCO,BAHIA,Brasil,2922250,29,33,,,,Cerrado,12.7
dbbe7bd2-6563-360c-8bc1-940d178348c4, -14.081740, -45.603620,2025-04-07 05:21:00,AQUA_M-M,JABORANDI,BAHIA,Brasil,2917359,29,33,,,,Cerrado,7.6
bf662ddc-9977-3660-bc1f-9d4e6e92e24e, -14.080060, -45.613970,2025-04-07 05:21:00,AQUA_M-M,JABORANDI,BAHIA,Brasil,2917359,29,33,,,,Cerrado,5.5
64a8a76d-990b-3e3b-999d-ddb898ddf610,  -9.130900, -62.474050,2025-04-07 05:27:00,NOAA-20,CUJUBIM,RONDÔNIA,Brasil,1100940,11,33,,,,Amazônia,0.9
f345054b-b3ac-3409-869a-a3ab8d47cafb,  -9.926630, -59.934520,2025-04-07 05:27:00,NOAA-20,ARIPUANÃ,MATO GROSSO,Brasil,5101407,51,33,,,,Amazônia,1.1
561f2f9b-0979-3fce-86d7-1d5a4dafa318,  -9.927360, -59.931970,2025-04-07 05:27:00,NOAA-20,ARIPUANÃ,MATO GROSSO,Brasil,5101407,51,33,,,,Amazônia,0.8
cb45dc6d-9e38-3b3c-8141-24c0787c3f0c,  -9.923930, -59.906650,2025-04-07 05:27:00,NOAA-20,ARIPUANÃ,MATO GROSSO,Brasil,5101407,51,33,,,,Amazônia,2.3
476ae1a2-35c7-3983-9312-39c6e01403c5, -13.049820, -53.715670,2025-04-07 05:27:00,NOAA-20,GAÚCHA DO NORTE,MATO GROSSO,Brasil,5103858,51,33,,,,Amazônia,1.3
c1c0707d-c7f2-3d4d-8a48-f8a2955f1252,  -9.919770, -59.910140,2025-04-07 05:27:00,NOAA-20,ARIPUANÃ,MATO GROSSO,Brasil,5101407,51,33,,,,Amazônia,4.1
10cfee36-9f81-30f9-9a35-79439c1daf7f, -10.264660, -61.488160,2025-04-07 05:27:00,NOAA-20,RONDOLÂNDIA,MATO GROSSO,Brasil,5107578,51,33,,,,Amazônia,0.5
13dabd80-96de-3740-8f56-656f65e95e8e,  -9.926750, -59.936010,2025-04-07 05:27:00,NOAA-20,ARIPUANÃ,MATO GROSSO,Brasil,5101407,51,33,,,,Amazônia,0.7
b2ec3bb3-5211-3b56-a8de-76f96a685eaa, -11.473300, -38.462180,2025-04-07 11:51:00,TERRA_M-M,OLINDINA,BAHIA,Brasil,2923100,29,33,,,,Caatinga,7.5
87c695af-8826-336f-825e-519cd63295c3,  -9.119880, -41.294710,2025-04-07 11:51:00,TERRA_M-M,CASA NOVA,BAHIA,Brasil,2907202,29,33,,,,Caatinga,13.2
62ac8947-bb67-3992-8b9e-23b7cf8b94a0,  -9.876790, -38.017420,2025-04-07 11:51:00,TERRA_M-M,SANTA BRÍGIDA,BAHIA,Brasil,2927606,29,33,,,,Caatinga,17.6
c09a1da7-9f2d-3fa0-80fe-7575e0923b82, -10.556010, -39.051490,2025-04-07 11:51:00,TERRA_M-M,EUCLIDES DA CUNHA,BAHIA,Brasil,2910701,29,33,,,,Caatinga,9.8
b0b15f4a-22e1-31b8-8285-246943f48ed5, -11.353630, -38.402050,2025-04-07 11:51:00,TERRA_M-M,OLINDINA,BAHIA,Brasil,2923100,29,33,,,,Caatinga,9.0
570a4b3e-e8e3-304e-82dc-a9bf995b8533,  -8.735120, -37.428870,2025-04-07 11:51:00,TERRA_M-M,IBIMIRIM,PERNAMBUCO,Brasil,2606606,26,33,,,,Caatinga,10.8
cf91509d-70fb-311c-9370-e319d0c55352, -11.474610, -38.453190,2025-04-07 11:51:00,TERRA_M-M,OLINDINA,BAHIA,Brasil,2923100,29,33,,,,Caatinga,26.8
0dc89125-2d79-30f9-b815-fe1459ea6b67, -10.672230, -44.389820,2025-04-07 11:51:00,TERRA_M-M,SANTA RITA DE CÁSSIA,BAHIA,Brasil,2928406,29,33,,,,Cerrado,83.4
deaf7f4f-d129-37d5-9adf-f4cd899e391c,  -8.733840, -37.437710,2025-04-07 11:51:00,TERRA_M-M,IBIMIRIM,PERNAMBUCO,Brasil,2606606,26,33,,,,Caatinga,11.6
60960428-0b3b-30d6-9f89-56b6a10c0fe4, -10.252480, -38.096740,2025-04-07 11:51:00,TERRA_M-M,SÍTIO DO QUINTO,BAHIA,Brasil,2930766,29,33,,,,Caatinga,5.7
69eb4d4c-87df-3d5a-a3af-bd9fc9178723, -10.673070, -44.383970,2025-04-07 11:51:00,TERRA_M-M,SANTA RITA DE CÁSSIA,BAHIA,Brasil,2928406,29,33,,,,Cerrado,84.9
14997f49-7cfb-3b12-bd4a-a3e6b62a86e9,  -9.634660, -37.386590,2025-04-07 11:51:00,TERRA_M-M,SÃO JOSÉ DA TAPERA,ALAGOAS,Brasil,2708402,27,33,,,,Caatinga,6.9
5e080ffb-b1cd-33b3-84aa-2d7a84eb9c44,  -9.117970, -41.307180,2025-04-07 11:51:00,TERRA_M-M,CASA NOVA,BAHIA,Brasil,2907202,29,33,,,,Caatinga,6.9
6cdba3f1-98d8-346a-ab52-d10010b487c3,  -9.875490, -38.026330,2025-04-07 11:51:00,TERRA_M-M,SANTA BRÍGIDA,BAHIA,Brasil,2927606,29,33,,,,Caatinga,40.8
e00a14cb-b46b-36b3-bbad-fbc3b6529766, -13.028880, -45.022560,2025-04-07 11:53:00,TERRA_M-M,SÃO DESIDÉRIO,BAHIA,Brasil,2928901,29,33,,,,Cerrado,61.7
83cfbd97-e96b-3ada-bf5d-ba2f3e544604, -12.045230, -45.083160,2025-04-07 11:53:00,TERRA_M-M,BARREIRAS,BAHIA,Brasil,2903201,29,33,,,,Cerrado,22.9
e2a92066-943a-3cb7-9edd-5e677f694ba2, -12.041650, -45.088680,2025-04-07 11:53:00,TERRA_M-M,BARREIRAS,BAHIA,Brasil,2903201,29,33,,,,Cerrado,23.2
6f8cee71-79d2-31ff-8bfb-4b4c4cd7b1cb, -13.041710, -45.025050,2025-04-07 11:53:00,TERRA_M-M,SÃO DESIDÉRIO,BAHIA,Brasil,2928901,29,33,,,,Cerrado,20.2
92069c21-b979-304e-bea2-e1e484b69072, -13.045130, -45.004700,2025-04-07 11:53:00,TERRA_M-M,SÃO DESIDÉRIO,BAHIA,Brasil,2928901,29,33,,,,Cerrado,66.0
37a8b162-5c4c-3501-8749-4f4a4ce443b0, -12.802560, -58.840960,2025-04-07 13:31:00,TERRA_M-T,SAPEZAL,MATO GROSSO,Brasil,5107875,51,33,,,,Cerrado,12.7
b6efdc64-b57a-3ef3-802c-fc71fcf2080c, -12.599690, -57.822800,2025-04-07 13:31:00,TERRA_M-T,BRASNORTE,MATO GROSSO,Brasil,5101902,51,33,,,,Amazônia,8.5
7116fcf2-bfbf-3a5a-86a8-cba80305264c, -14.199730, -59.716720,2025-04-07 13:31:00,TERRA_M-T,NOVA LACERDA,MATO GROSSO,Brasil,5106182,51,33,,,,Amazônia,9.6
e54360fb-fe87-3eb1-baa5-e605a37b63a4,  -6.879560, -41.689090,2025-04-07 15:33:00,NOAA-21,IPIRANGA DO PIAUÍ,PIAUÍ,Brasil,2204808,22,33,,,,Caatinga,5.3
525dd3f4-5c50-39e1-8da0-1271ec296183,  -9.970460, -38.298270,2025-04-07 15:33:00,NOAA-21,JEREMOABO,BAHIA,Brasil,2918100,29,33,,,,Caatinga,23.0
160d9d6e-ac3d-3031-bcea-ffacbf9cf669, -13.060050, -38.765870,2025-04-07 15:33:00,NOAA-21,VERA CRUZ,BAHIA,Brasil,2933208,29,33,,,,Mata Atlântica,2.3
ad4c6f17-6609-30be-95e2-550c63203b85,  -8.982680, -37.626670,2025-04-07 15:33:00,NOAA-21,MANARI,PERNAMBUCO,Brasil,2609154,26,33,,,,Caatinga,15.0
9cf3dbf8-2fdc-3e24-9077-cf5d086fa113, -11.472210, -38.454480,2025-04-07 15:33:00,NOAA-21,OLINDINA,BAHIA,Brasil,2923100,29,33,,,,Caatinga,5.0
81edfc8f-8045-3321-a128-8cfcb1e96138, -12.079380, -38.541490,2025-04-07 15:33:00,NOAA-21,ARAMARI,BAHIA,Brasil,2902203,29,33,,,,Mata Atlântica,6.6
cb4310df-0870-31d8-af10-226fd0b7af64,  -8.935290, -37.581970,2025-04-07 15:33:00,NOAA-21,MANARI,PERNAMBUCO,Brasil,2609154,26,33,,,,Caatinga,4.8
2481b176-0f64-3997-8a58-b230c8a03ba8,  -9.268320, -37.225150,2025-04-07 15:33:00,NOAA-21,POÇO DAS TRINCHEIRAS,ALAGOAS,Brasil,2707206,27,33,,,,Caatinga,8.5
32f28b41-37ae-3fa3-8c72-785033a544dd,  -9.443940, -37.845730,2025-04-07 15:33:00,NOAA-21,OLHO D'ÁGUA DO CASADO,ALAGOAS,Brasil,2705804,27,33,,,,Caatinga,10.8
8d93d281-dd9a-39ef-9b45-2edb68c39787,  -6.879010, -41.684930,2025-04-07 15:33:00,NOAA-21,IPIRANGA DO PIAUÍ,PIAUÍ,Brasil,2204808,22,33,,,,Caatinga,5.3
0c422ad9-a9a3-3add-8e69-d51f95d4712e,  -9.448910, -36.895560,2025-04-07 15:33:00,NOAA-21,CACIMBINHAS,ALAGOAS,Brasil,2701209,27,33,,,,Caatinga,4.2
d662fee7-6c05-3847-9525-fee9e9de6e1c, -10.649130, -40.061550,2025-04-07 15:33:00,NOAA-21,FILADÉLFIA,BAHIA,Brasil,2910859,29,33,,,,Caatinga,8.0
0947030a-35de-30ee-a0b2-ab4bdce247ff,  -9.974590, -38.292520,2025-04-07 15:33:00,NOAA-21,JEREMOABO,BAHIA,Brasil,2918100,29,33,,,,Caatinga,23.0
437d099e-c68d-3d58-a6c5-51b97a0d59a8, -10.654590, -40.060940,2025-04-07 15:33:00,NOAA-21,FILADÉLFIA,BAHIA,Brasil,2910859,29,33,,,,Caatinga,19.2
fd58a3bb-ae1b-3c36-be66-7dad28effb2c,  -6.877990, -41.685230,2025-04-07 15:33:00,NOAA-21,IPIRANGA DO PIAUÍ,PIAUÍ,Brasil,2204808,22,33,,,,Caatinga,5.4
e1e39806-f661-3841-b276-5305acec7059,  -9.268510, -37.225680,2025-04-07 15:33:00,NOAA-21,POÇO DAS TRINCHEIRAS,ALAGOAS,Brasil,2707206,27,33,,,,Caatinga,10.6
ad92946b-007c-3a9c-8712-859438a6ae11,  -9.969790, -38.293110,2025-04-07 15:33:00,NOAA-21,JEREMOABO,BAHIA,Brasil,2918100,29,33,,,,Caatinga,23.0
247d36dc-dd36-359e-8745-254aa7f923d8,  -7.648400, -39.753490,2025-04-07 15:33:00,NOAA-21,EXU,PERNAMBUCO,Brasil,2605301,26,33,,,,Caatinga,5.4
95f394b3-3f01-3a29-b241-00d220612682,  -8.435880, -36.746790,2025-04-07 15:33:00,NOAA-21,ALAGOINHA,PERNAMBUCO,Brasil,2600609,26,33,,,,Caatinga,4.6
fac70abf-c116-3c91-aceb-fad9f722acb0, -10.649570, -40.065140,2025-04-07 15:33:00,NOAA-21,FILADÉLFIA,BAHIA,Brasil,2910859,29,33,,,,Caatinga,8.0
13c654c5-bfec-3daf-bce0-5b0330b014d7, -10.417820, -39.242110,2025-04-07 15:33:00,NOAA-21,MONTE SANTO,BAHIA,Brasil,2921500,29,33,,,,Caatinga,5.2
c29db883-4750-33b6-8ec0-a533239adff5, -13.284630, -38.989360,2025-04-07 15:33:00,NOAA-21,VALENÇA,BAHIA,Brasil,2932903,29,33,,,,Mata Atlântica,3.1
08660462-a111-34de-8ea7-130e474cf5f6,  -9.188900, -37.037980,2025-04-07 15:33:00,NOAA-21,ÁGUAS BELAS,PERNAMBUCO,Brasil,2600500,26,33,,,,Caatinga,6.1
50c44ba2-69d5-3a17-834e-286b220c068f,  -6.878570, -41.689370,2025-04-07 15:33:00,NOAA-21,IPIRANGA DO PIAUÍ,PIAUÍ,Brasil,2204808,22,33,,,,Caatinga,5.4
41b1b26e-5243-3182-a248-408261942364, -12.657210, -38.509490,2025-04-07 15:33:00,NOAA-21,CANDEIAS,BAHIA,Brasil,2906501,29,33,,,,Mata Atlântica,4.4
e41d62da-3847-3fd7-a656-bec445d2ae56, -12.625910, -38.973870,2025-04-07 15:33:00,NOAA-21,MURITIBA,BAHIA,Brasil,2922300,29,33,,,,Mata Atlântica,2.2
4e4573c2-7ab5-3d34-a225-5f68634bc41f, -11.477670, -37.526180,2025-04-07 15:33:00,NOAA-21,INDIAROBA,SERGIPE,Brasil,2802809,28,33,,,,Mata Atlântica,9.8
2d094b7f-8e36-3a5c-9008-1228b486e47f,  -8.930810, -37.582640,2025-04-07 15:33:00,NOAA-21,MANARI,PERNAMBUCO,Brasil,2609154,26,33,,,,Caatinga,3.7
fb1a77a8-7c55-3857-b78c-574e71a8087d,  -9.965660, -38.298860,2025-04-07 15:33:00,NOAA-21,JEREMOABO,BAHIA,Brasil,2918100,29,33,,,,Caatinga,8.9
f207f16e-3304-3309-b262-b4da19155997, -11.916210, -38.136970,2025-04-07 15:33:00,NOAA-21,ENTRE RIOS,BAHIA,Brasil,2910503,29,33,,,,Mata Atlântica,9.1
3497fa3a-80f4-39e8-b432-d76460e4b48e, -12.312720, -39.341770,2025-04-07 15:33:00,NOAA-21,IPECAETÁ,BAHIA,Brasil,2913804,29,33,,,,Caatinga,5.1
a4f4f689-4c9d-3301-a051-1d394a54dc9a,  -5.683950, -37.335420,2025-04-07 15:35:00,NOAA-21,UPANEMA,RIO GRANDE DO NORTE,Brasil,2414605,24,33,,,,Caatinga,7.0
9398c4ed-ea48-33e2-ba10-f18109af3df4, -20.984640, -43.034800,2025-04-07 15:56:00,NPP-375,DIVINÉSIA,MINAS GERAIS,Brasil,3121902,31,33,,,,Mata Atlântica,3.0
128cb90d-9aa6-323d-88cb-563194e76e3d, -15.168670, -40.287480,2025-04-07 15:58:00,NPP-375,ITAMBÉ,BAHIA,Brasil,2915809,29,33,,,,Mata Atlântica,5.5
68745cf2-bb33-36d0-a587-c162b88478d1, -12.357000, -38.235790,2025-04-07 15:58:00,NPP-375,POJUCA,BAHIA,Brasil,2925204,29,33,,,,Mata Atlântica,44.9
97d4d225-380f-3955-8508-3acc74156563, -14.220270, -41.584340,2025-04-07 15:58:00,NPP-375,BRUMADO,BAHIA,Brasil,2904605,29,33,,,,Caatinga,5.5
c9515148-7e33-3bbc-a6de-f904899be69f, -13.894720, -39.659530,2025-04-07 15:58:00,NPP-375,IBIRATAIA,BAHIA,Brasil,2912905,29,33,,,,Mata Atlântica,3.2
e32e13f9-a313-3f97-ba40-912a6d84bbf0, -16.041220, -49.782330,2025-04-07 15:58:00,NPP-375,ITABERAÍ,GOIÁS,Brasil,5210406,52,33,,,,Cerrado,3.6
ff58effb-7252-3226-9538-7a6cda53ada6, -18.893460, -48.225240,2025-04-07 15:58:00,NPP-375,UBERLÂNDIA,MINAS GERAIS,Brasil,3170206,31,33,,,,Cerrado,5.4
6ff905d2-1b3d-3b6d-95ad-ac3ae26efebd, -18.894650, -48.229880,2025-04-07 15:58:00,NPP-375,UBERLÂNDIA,MINAS GERAIS,Brasil,3170206,31,33,,,,Cerrado,10.1
da6a1f36-ee0a-34bb-9196-1fa686bcc225, -10.157750, -39.303670,2025-04-07 16:01:00,NPP-375,UAUÁ,BAHIA,Brasil,2932002,29,33,,,,Caatinga,6.2
c65d1672-1ef0-3431-ae13-2145fdf39e83, -13.036940, -45.002860,2025-04-07 16:01:00,NPP-375,SÃO DESIDÉRIO,BAHIA,Brasil,2928901,29,33,,,,Cerrado,3.5
b1583cb0-20d3-3cdb-af52-5e24e09a7ccc, -10.920580, -46.737660,2025-04-07 16:01:00,NPP-375,MATEIROS,TOCANTINS,Brasil,1712702,17,33,,,,Cerrado,11.0
61854b99-0eae-3b9e-b97a-b14afbb67595, -10.901760, -46.724710,2025-04-07 16:01:00,NPP-375,MATEIROS,TOCANTINS,Brasil,1712702,17,33,,,,Cerrado,8.9
f9df6259-5cd9-332b-b44a-534de4789f6f, -12.031710, -38.154000,2025-04-07 16:01:00,NPP-375,ENTRE RIOS,BAHIA,Brasil,2910503,29,33,,,,Mata Atlântica,2.7
48e2dcd7-d77a-35af-9cd5-b83366de9e93,  -7.621760, -44.038250,2025-04-07 16:01:00,NPP-375,SEBASTIÃO LEAL,PIAUÍ,Brasil,2210631,22,33,,,,Cerrado,2.3
39394391-538d-3b58-8905-bb765e9a9a76, -10.706360, -39.826800,2025-04-07 16:01:00,NPP-375,ITIÚBA,BAHIA,Brasil,2917003,29,33,,,,Caatinga,12.1
781b2aa5-e14e-3650-a4aa-51cc34799ffb, -13.037690, -45.009060,2025-04-07 16:01:00,NPP-375,SÃO DESIDÉRIO,BAHIA,Brasil,2928901,29,33,,,,Cerrado,5.3
d49c31d0-83d7-36f9-948b-0edbedc80edb, -10.938980, -46.746940,2025-04-07 16:01:00,NPP-375,MATEIROS,TOCANTINS,Brasil,1712702,17,33,,,,Cerrado,7.2
258829de-a28f-3f8b-b94c-45c7ce245c5b, -12.007180, -38.419030,2025-04-07 16:01:00,NPP-375,ALAGOINHAS,BAHIA,Brasil,2900702,29,33,,,,Mata Atlântica,4.6
b7d4c587-9bfc-3c34-b0fa-dde0aaf107f6, -10.890950, -46.730130,2025-04-07 16:01:00,NPP-375,MATEIROS,TOCANTINS,Brasil,1712702,17,33,,,,Cerrado,6.5
9912cb17-365d-3111-aa18-8751eae66b9f,  -9.485130, -37.174890,2025-04-07 16:01:00,NPP-375,OLIVENÇA,ALAGOAS,Brasil,2706000,27,33,,,,Caatinga,2.7
8fa31ebc-5b9a-3566-9956-9635bca96569,  -9.896130, -36.349150,2025-04-07 16:01:00,NPP-375,TEOTÔNIO VILELA,ALAGOAS,Brasil,2709152,27,33,,,,Mata Atlântica,3.6
2c256cc5-39b9-34af-a085-8bcb12e6b01f,  -9.939030, -35.973790,2025-04-07 16:01:00,NPP-375,JEQUIÁ DA PRAIA,ALAGOAS,Brasil,2703759,27,33,,,,Mata Atlântica,3.2
789b88df-2e78-335f-9de0-d179ff35cbbd,  -8.240820, -35.307980,2025-04-07 16:01:00,NPP-375,VITÓRIA DE SANTO ANTÃO,PERNAMBUCO,Brasil,2616407,26,33,,,,Mata Atlântica,2.9
bb1426cd-04c1-3719-9c66-534f35f4efd2,  -6.958720, -42.689180,2025-04-07 16:01:00,NPP-375,NAZARÉ DO PIAUÍ,PIAUÍ,Brasil,2206704,22,33,,,,Caatinga,5.7
719b19f3-0b16-39a8-9974-ee7337cd2524, -13.031740, -45.003380,2025-04-07 16:01:00,NPP-375,SÃO DESIDÉRIO,BAHIA,Brasil,2928901,29,33,,,,Cerrado,3.5
30603b9d-ad6e-3c0b-a7f1-67a265b61b20, -10.900820, -46.717030,2025-04-07 16:01:00,NPP-375,MATEIROS,TOCANTINS,Brasil,1712702,17,33,,,,Cerrado,16.9
29e7b1cf-3320-3bf7-aa7a-c15ed414143a, -10.669670, -44.392910,2025-04-07 16:01:00,NPP-375,SANTA RITA DE CÁSSIA,BAHIA,Brasil,2928406,29,33,,,,Cerrado,10.0
d69958e6-b687-3701-84eb-0d6c4eed4539, -13.038070, -45.012200,2025-04-07 16:01:00,NPP-375,SÃO DESIDÉRIO,BAHIA,Brasil,2928901,29,33,,,,Cerrado,4.8
892c8d01-fa9c-3d2b-bc57-9bc23e03b1c9, -10.709980, -39.826350,2025-04-07 16:01:00,NPP-375,ITIÚBA,BAHIA,Brasil,2917003,29,33,,,,Caatinga,3.1
3c4b3c43-391a-3c15-aaeb-84a48ec40793,  -8.932510, -37.582410,2025-04-07 16:01:00,NPP-375,MANARI,PERNAMBUCO,Brasil,2609154,26,33,,,,Caatinga,29.9
62b3049d-14ad-31df-90ea-1d4f71799029, -11.841710, -43.810480,2025-04-07 16:01:00,NPP-375,WANDERLEY,BAHIA,Brasil,2933455,29,33,,,,Cerrado,28.9
e8b17a30-fc24-3357-baaf-642260ac0a6e,  -8.086190, -37.215250,2025-04-07 16:01:00,NPP-375,SERTÂNIA,PERNAMBUCO,Brasil,2614105,26,33,,,,Caatinga,3.6
adb5c89d-84a7-323d-b655-07114e75867b, -13.037320, -45.005950,2025-04-07 16:01:00,NPP-375,SÃO DESIDÉRIO,BAHIA,Brasil,2928901,29,33,,,,Cerrado,5.3
8d1ed52a-efea-3baf-8c3f-685166fd8bb1,  -8.804190, -38.955650,2025-04-07 16:01:00,NPP-375,CHORROCHÓ,BAHIA,Brasil,2907707,29,33,,,,Caatinga,3.0
45b032cc-181e-3839-be60-287633149d62, -10.902240, -46.728570,2025-04-07 16:01:00,NPP-375,MATEIROS,TOCANTINS,Brasil,1712702,17,33,,,,Cerrado,8.9
203f8c01-5678-324a-9975-081aab984028, -11.637670, -37.889340,2025-04-07 16:01:00,NPP-375,RIO REAL,BAHIA,Brasil,2927002,29,33,,,,Caatinga,3.4
0ec15a9b-2936-345a-9b26-da6da64a5a11,  -7.492320, -43.420400,2025-04-07 16:01:00,NPP-375,CANAVIEIRA,PIAUÍ,Brasil,2202251,22,33,,,,Cerrado,7.3
816cdf4f-71ae-359a-a1bd-c9abc39fc812,  -6.878320, -41.683720,2025-04-07 16:01:00,NPP-375,IPIRANGA DO PIAUÍ,PIAUÍ,Brasil,2204808,22,33,,,,Caatinga,7.6
20025517-a241-35bb-a846-acd314402d6b, -11.841060, -43.805470,2025-04-07 16:01:00,NPP-375,WANDERLEY,BAHIA,Brasil,2933455,29,33,,,,Cerrado,28.9
b859e298-69ab-3c05-8e28-c8101e982799, -12.101990, -45.620750,2025-04-07 16:01:00,NPP-375,BARREIRAS,BAHIA,Brasil,2903201,29,33,,,,Cerrado,4.9
2b76268d-5895-32aa-87bb-01ff3424320c, -11.836360, -43.806100,2025-04-07 16:01:00,NPP-375,WANDERLEY,BAHIA,Brasil,2933455,29,33,,,,Cerrado,28.9
27a340b1-6964-3028-82ff-28de4895377d, -10.921060, -46.741540,2025-04-07 16:01:00,NPP-375,MATEIROS,TOCANTINS,Brasil,1712702,17,33,,,,Cerrado,11.0
fb839357-c0e4-3d7a-aece-80219dfb1e89, -13.026540, -45.003940,2025-04-07 16:01:00,NPP-375,SÃO DESIDÉRIO,BAHIA,Brasil,2928901,29,33,,,,Cerrado,2.2
2b0b9c19-9772-3283-bd6d-2d6169489285,  -9.192320, -36.962890,2025-04-07 16:01:00,NPP-375,ÁGUAS BELAS,PERNAMBUCO,Brasil,2600500,26,33,,,,Caatinga,6.2
3034e5fc-bf7d-3454-ac79-65e4a10f0106, -10.418250, -39.241600,2025-04-07 16:01:00,NPP-375,MONTE SANTO,BAHIA,Brasil,2921500,29,33,,,,Caatinga,11.9
3f7c070b-775c-3eda-a941-c053571a6533,  -6.878990, -41.688420,2025-04-07 16:01:00,NPP-375,IPIRANGA DO PIAUÍ,PIAUÍ,Brasil,2204808,22,33,,,,Caatinga,7.6
60618763-7d80-37b2-b529-6cb5b585d04d, -10.579410, -44.290130,2025-04-07 16:01:00,NPP-375,JÚLIO BORGES,PIAUÍ,Brasil,2205524,22,33,,,,Cerrado,11.9
d6437c1e-df3f-3e53-832d-1054ce9f8b25, -12.106350, -45.635230,2025-04-07 16:01:00,NPP-375,LUÍS EDUARDO MAGALHÃES,BAHIA,Brasil,2919553,29,33,,,,Cerrado,3.7
bc48c9c3-c07c-38cd-94ec-64481a2c7236, -12.104260, -45.618660,2025-04-07 16:01:00,NPP-375,BARREIRAS,BAHIA,Brasil,2903201,29,33,,,,Cerrado,4.3
841dbbd5-05ab-37a4-93b2-3e2b6f32b856, -10.308140, -38.906920,2025-04-07 16:01:00,NPP-375,EUCLIDES DA CUNHA,BAHIA,Brasil,2910701,29,33,,,,Caatinga,1.7
8f37dd56-7c31-3963-a783-e663acbf4cb7, -10.896120, -46.725520,2025-04-07 16:01:00,NPP-375,MATEIROS,TOCANTINS,Brasil,1712702,17,33,,,,Cerrado,8.9
46bf4ada-ac59-3f8a-8e58-0c20f06e8e5c, -10.896600, -46.729380,2025-04-07 16:01:00,NPP-375,MATEIROS,TOCANTINS,Brasil,1712702,17,33,,,,Cerrado,8.9
93907dbc-78de-373f-bbde-06dabccdd772, -10.422530, -39.565400,2025-04-07 16:01:00,NPP-375,MONTE SANTO,BAHIA,Brasil,2921500,29,33,,,,Caatinga,2.2
a033d68f-53d2-3875-873d-69a9c3968f05, -11.584180, -47.639880,2025-04-07 16:01:00,NPP-375,NATIVIDADE,TOCANTINS,Brasil,1714203,17,33,,,,Cerrado,4.9
24281efd-a75d-3e21-bf96-c0d0ccf9976b, -12.762780, -44.838200,2025-04-07 16:01:00,NPP-375,SÃO DESIDÉRIO,BAHIA,Brasil,2928901,29,33,,,,Cerrado,7.6
ca58333f-557f-3b16-bbc3-061a5f6e90c2, -10.915420, -46.742360,2025-04-07 16:01:00,NPP-375,MATEIROS,TOCANTINS,Brasil,1712702,17,33,,,,Cerrado,7.3
dea4ea9a-4b3b-32df-8b65-10f9645e90ca, -12.102380, -45.624060,2025-04-07 16:01:00,NPP-375,BARREIRAS,BAHIA,Brasil,2903201,29,33,,,,Cerrado,4.2
bffd891d-d271-3805-8e48-06986ccd4575, -10.698790, -46.521920,2025-04-07 16:01:00,NPP-375,MATEIROS,TOCANTINS,Brasil,1712702,17,33,,,,Cerrado,5.8
de5e66e5-51aa-3b70-b348-a9409574dda4, -10.671300, -44.395390,2025-04-07 16:01:00,NPP-375,SANTA RITA DE CÁSSIA,BAHIA,Brasil,2928406,29,33,,,,Cerrado,11.3
11c62fec-afc3-3a34-8bc2-5e83d4a574f6, -10.895650, -46.721620,2025-04-07 16:01:00,NPP-375,MATEIROS,TOCANTINS,Brasil,1712702,17,33,,,,Cerrado,16.9
cc101d9f-8477-32bd-ba31-bcabcba9c76f, -13.032110, -45.006460,2025-04-07 16:01:00,NPP-375,SÃO DESIDÉRIO,BAHIA,Brasil,2928901,29,33,,,,Cerrado,5.3
dbb25740-f1f9-3ae5-bd8b-53a5ef10bcf9, -11.582800, -47.641540,2025-04-07 16:01:00,NPP-375,NATIVIDADE,TOCANTINS,Brasil,1714203,17,33,,,,Cerrado,6.3
285b9183-4c69-355f-81d3-9d1be7b6225e, -10.713040, -47.635050,2025-04-07 16:01:00,NPP-375,PONTE ALTA DO TOCANTINS,TOCANTINS,Brasil,1717909,17,33,,,,Cerrado,7.5
026bb2c9-b10b-3829-805b-a85a609ad135, -12.104680, -45.621940,2025-04-07 16:01:00,NPP-375,BARREIRAS,BAHIA,Brasil,2903201,29,33,,,,Cerrado,4.3
4c81d4c0-66a4-3afe-82dd-386fdc6a3f41, -10.920110, -46.733830,2025-04-07 16:01:00,NPP-375,MATEIROS,TOCANTINS,Brasil,1712702,17,33,,,,Cerrado,10.2
f96b601e-9590-34c8-83d0-1297b2c2d1d1, -10.939450, -46.750690,2025-04-07 16:01:00,NPP-375,MATEIROS,TOCANTINS,Brasil,1712702,17,33,,,,Cerrado,6.4
d59470d8-881c-34d5-adba-77839b4c1b8c, -10.901290, -46.720850,2025-04-07 16:01:00,NPP-375,MATEIROS,TOCANTINS,Brasil,1712702,17,33,,,,Cerrado,16.9
ed74041d-23ec-356a-8446-df1ee8eb2487, -13.032490, -45.009580,2025-04-07 16:01:00,NPP-375,SÃO DESIDÉRIO,BAHIA,Brasil,2928901,29,33,,,,Cerrado,5.3
6f27a1db-63c1-36f3-81a1-dee33895b24c,  -9.935670, -35.974320,2025-04-07 16:01:00,NPP-375,JEQUIÁ DA PRAIA,ALAGOAS,Brasil,2703759,27,33,,,,Mata Atlântica,3.2
5a5949cc-0f4e-376d-b248-68c448c39fba, -12.292450, -43.537410,2025-04-07 16:01:00,NPP-375,MUQUÉM DO SÃO FRANCISCO,BAHIA,Brasil,2922250,29,33,,,,Cerrado,7.4
f08d323c-9ab1-36f5-a6bb-1ee7a03f8831,  -9.001400, -37.435020,2025-04-07 16:01:00,NPP-375,ITAÍBA,PERNAMBUCO,Brasil,2607505,26,33,,,,Caatinga,4.2
0a604dca-dfdb-34a9-a13c-f3906d655265, -12.103850, -45.615380,2025-04-07 16:01:00,NPP-375,BARREIRAS,BAHIA,Brasil,2903201,29,33,,,,Cerrado,3.2
5f03e0d2-9e9e-302b-85ef-1c48661ffebf, -13.032870, -45.012710,2025-04-07 16:01:00,NPP-375,SÃO DESIDÉRIO,BAHIA,Brasil,2928901,29,33,,,,Cerrado,4.8
aaa9d858-dc28-3f22-88f6-f3912e68fc0d,  -7.814230, -42.930560,2025-04-07 16:01:00,NPP-375,FLORES DO PIAUÍ,PIAUÍ,Brasil,2203800,22,33,,,,Caatinga,11.1
0f9d98a0-dd31-3f98-9a0a-ea9856249e8b,  -9.188120, -37.039620,2025-04-07 16:01:00,NPP-375,ÁGUAS BELAS,PERNAMBUCO,Brasil,2600500,26,33,,,,Caatinga,8.8
049c6a42-b954-3f0d-a948-4545199203af, -12.101600, -45.617460,2025-04-07 16:01:00,NPP-375,BARREIRAS,BAHIA,Brasil,2903201,29,33,,,,Cerrado,4.9
b6960739-7fc2-3789-986e-c0aa8362916c,  -9.932870, -35.978430,2025-04-07 16:01:00,NPP-375,JEQUIÁ DA PRAIA,ALAGOAS,Brasil,2703759,27,33,,,,Mata Atlântica,4.2
6777c107-76e0-3cde-ad27-098f9c25284a,  -9.273790, -36.871410,2025-04-07 16:01:00,NPP-375,MINADOR DO NEGRÃO,ALAGOAS,Brasil,2705309,27,33,,,,Caatinga,3.8
0a58577d-88ff-3448-bb82-5b0ba8853747,  -5.681630, -37.336070,2025-04-07 16:03:00,NPP-375,UPANEMA,RIO GRANDE DO NORTE,Brasil,2414605,24,33,,,,Caatinga,2.3
5e27e741-23bf-30d7-8e79-19cb2d9fdb3b,  -4.775910, -44.036670,2025-04-07 16:03:00,NPP-375,CODÓ,MARANHÃO,Brasil,2103307,21,33,,,,Cerrado,6.4
bc3aa926-837d-3bec-83f2-4789fbda9dc7,  -5.684970, -37.335570,2025-04-07 16:03:00,NPP-375,UPANEMA,RIO GRANDE DO NORTE,Brasil,2414605,24,33,,,,Caatinga,3.6
faf0d731-8889-3e5b-aa3c-f32437acea4a, -22.817240, -43.344960,2025-04-07 16:18:00,NOAA-20,RIO DE JANEIRO,RIO DE JANEIRO,Brasil,3304557,33,33,,,,Mata Atlântica,2.4
0d4e8c10-e1be-3ff5-8569-cc1bc396e065, -21.106670, -54.023250,2025-04-07 16:20:00,NOAA-20,CAMPO GRANDE,MATO GROSSO DO SUL,Brasil,5002704,50,33,,,,Cerrado,1.8
37a8ca9a-fc40-353a-9292-d9a93d5ac174, -19.952700, -44.070570,2025-04-07 16:20:00,NOAA-20,BETIM,MINAS GERAIS,Brasil,3106705,31,33,,,,Mata Atlântica,2.0
aa66ff66-6115-317d-8871-f3bc0394e767, -15.270960, -40.200150,2025-04-07 16:20:00,NOAA-20,ITAPETINGA,BAHIA,Brasil,2916401,29,33,,,,Mata Atlântica,8.3
8d3d5fda-8479-3111-8cdc-e65d09be9ea9, -15.267550, -40.200730,2025-04-07 16:20:00,NOAA-20,ITAPETINGA,BAHIA,Brasil,2916401,29,33,,,,Mata Atlântica,8.3
7724e9e9-222c-3c94-a1ad-7b74184ef98b, -21.215890, -48.487610,2025-04-07 16:20:00,NOAA-20,MONTE ALTO,SÃO PAULO,Brasil,3531308,35,33,,,,Cerrado,7.2
d607d5ee-8bd7-39e3-ab67-680b476e34d8, -16.573330, -43.747680,2025-04-07 16:20:00,NOAA-20,FRANCISCO SÁ,MINAS GERAIS,Brasil,3126703,31,33,,,,Cerrado,9.5
db88f40d-7e96-3faf-a960-358752459a1d, -20.832120, -47.755420,2025-04-07 16:20:00,NOAA-20,SALES OLIVEIRA,SÃO PAULO,Brasil,3544905,35,33,,,,Cerrado,3.9
b5f6de78-a60e-3d28-8fb8-df9f3e1f2971, -23.455310, -52.909890,2025-04-07 16:20:00,NOAA-20,CIDADE GAÚCHA,PARANÁ,Brasil,4105607,41,33,,,,Mata Atlântica,8.1
8324c83e-05ad-32cd-9429-b31bafa4b81d, -23.223310, -52.271180,2025-04-07 16:20:00,NOAA-20,NOVA ESPERANÇA,PARANÁ,Brasil,4116901,41,33,,,,Mata Atlântica,26.6
6e6eba0f-28ca-3f62-8416-4e00cb0fe4aa, -15.266940, -40.196900,2025-04-07 16:20:00,NOAA-20,ITAPETINGA,BAHIA,Brasil,2916401,29,33,,,,Mata Atlântica,8.3
d8ceb6b2-4e56-3fa3-8a6f-97ce2a2ab0de, -16.574300, -43.214960,2025-04-07 16:20:00,NOAA-20,GRÃO MOGOL,MINAS GERAIS,Brasil,3127800,31,33,,,,Cerrado,10.4
dc3befd5-182e-39dd-bb7d-a36b9bdf181a, -21.216000, -48.488760,2025-04-07 16:20:00,NOAA-20,MONTE ALTO,SÃO PAULO,Brasil,3531308,35,33,,,,Cerrado,6.0
576761c4-9f4d-34d0-9801-1ebe215487ca, -16.570910, -43.215450,2025-04-07 16:20:00,NOAA-20,GRÃO MOGOL,MINAS GERAIS,Brasil,3127800,31,33,,,,Cerrado,1.9
70e1ec42-751e-3f58-bf35-e5397fbc2764, -17.829950, -51.452760,2025-04-07 16:20:00,NOAA-20,JATAÍ,GOIÁS,Brasil,5211909,52,33,,,,Cerrado,0.4
457442e6-f5f3-347c-b157-2496df929c8a, -20.986470, -43.032230,2025-04-07 16:20:00,NOAA-20,DIVINÉSIA,MINAS GERAIS,Brasil,3121902,31,33,,,,Mata Atlântica,3.5
4c404d56-e968-38e4-a056-901e63a72019, -21.697060, -50.355190,2025-04-07 16:20:00,NOAA-20,LUIZIÂNIA,SÃO PAULO,Brasil,3527702,35,33,,,,Mata Atlântica,3.2
77620e40-1453-3da0-9279-c3173780a826, -20.455540, -43.341250,2025-04-07 16:20:00,NOAA-20,MARIANA,MINAS GERAIS,Brasil,3140001,31,33,,,,Mata Atlântica,4.7
b40e3b50-459f-376f-b7e3-6218a9b1816d, -21.043110, -50.065380,2025-04-07 16:20:00,NOAA-20,ZACARIAS,SÃO PAULO,Brasil,3557154,35,33,,,,Mata Atlântica,4.1
5b63c983-153e-3f26-a8d8-42d88256c118, -19.660960, -50.205110,2025-04-07 16:20:00,NOAA-20,ITURAMA,MINAS GERAIS,Brasil,3134400,31,33,,,,Cerrado,8.7
38389642-c684-3940-a8ff-13c7862aea52, -21.497260, -45.402070,2025-04-07 16:20:00,NOAA-20,VARGINHA,MINAS GERAIS,Brasil,3170701,31,33,,,,Mata Atlântica,6.2
b6c2de03-e021-3ce0-9696-58315f75a4a9, -19.660600, -50.201670,2025-04-07 16:20:00,NOAA-20,ITURAMA,MINAS GERAIS,Brasil,3134400,31,33,,,,Cerrado,19.7
6a3beb4d-af9b-3f93-a3b0-8fd8a9d94f96, -20.982990, -43.032780,2025-04-07 16:20:00,NOAA-20,DIVINÉSIA,MINAS GERAIS,Brasil,3121902,31,33,,,,Mata Atlântica,3.5
88f8a35f-4997-3905-8de7-9cecacfa2e37, -20.239830, -47.317030,2025-04-07 16:20:00,NOAA-20,PEDREGULHO,SÃO PAULO,Brasil,3537008,35,33,,,,Cerrado,6.7
e14f49c3-5252-340c-afad-57aff62cf7e1, -20.037920, -47.808580,2025-04-07 16:20:00,NOAA-20,IGARAPAVA,SÃO PAULO,Brasil,3520103,35,33,,,,Cerrado,9.5
39c8650f-1420-3aae-98c1-a889950fd646, -19.666210, -50.204510,2025-04-07 16:20:00,NOAA-20,ITURAMA,MINAS GERAIS,Brasil,3134400,31,33,,,,Cerrado,8.7
a44eb01b-6817-3f91-a2fc-bf3e8a9fbdab, -19.590160, -53.854310,2025-04-07 16:20:00,NOAA-20,RIBAS DO RIO PARDO,MATO GROSSO DO SUL,Brasil,5007109,50,33,,,,Cerrado,9.9
cd2c3add-1bf1-3adc-b880-0193bf21f4dd, -15.270340, -40.196320,2025-04-07 16:20:00,NOAA-20,ITAPETINGA,BAHIA,Brasil,2916401,29,33,,,,Mata Atlântica,8.3
a96873f6-8ca9-3881-883b-db3ac8f0ca6c, -21.498230, -45.403540,2025-04-07 16:20:00,NOAA-20,VARGINHA,MINAS GERAIS,Brasil,3170701,31,33,,,,Mata Atlântica,4.1
0f48a459-e241-3bf6-959c-54e5af3c95a7, -19.584730, -53.854780,2025-04-07 16:20:00,NOAA-20,RIBAS DO RIO PARDO,MATO GROSSO DO SUL,Brasil,5007109,50,33,,,,Cerrado,8.1
10d66c54-7ef6-3911-b8eb-7c549c3171e7, -10.921230, -46.732420,2025-04-07 16:22:00,NOAA-20,MATEIROS,TOCANTINS,Brasil,1712702,17,33,,,,Cerrado,13.3
cb040f5f-3d82-3833-9cf6-89be8395592b,  -7.458150, -41.783450,2025-04-07 16:22:00,NOAA-20,FLORESTA DO PIAUÍ,PIAUÍ,Brasil,2203859,22,33,,,,Caatinga,3.3
a98bfbef-ed0b-3dff-a3e3-036c7507351a,  -9.131110, -41.037940,2025-04-07 16:22:00,NOAA-20,CASA NOVA,BAHIA,Brasil,2907202,29,33,,,,Caatinga,3.5
b5fd3c37-737f-3038-bce5-ad27bd6f60d3, -11.877370, -40.118250,2025-04-07 16:22:00,NOAA-20,BAIXA GRANDE,BAHIA,Brasil,2902609,29,33,,,,Caatinga,10.8
2d5a6d1f-d4ed-34b6-8d84-f34892ca7f97, -10.310370, -38.908080,2025-04-07 16:22:00,NOAA-20,EUCLIDES DA CUNHA,BAHIA,Brasil,2910701,29,33,,,,Caatinga,2.0
a17cad08-93fc-36a7-834b-5f53e3451279, -10.887530, -46.721770,2025-04-07 16:22:00,NOAA-20,MATEIROS,TOCANTINS,Brasil,1712702,17,33,,,,Cerrado,24.4
82e5330c-ab4f-360c-a259-00a3488f36be,  -9.216950, -40.007320,2025-04-07 16:22:00,NOAA-20,JUAZEIRO,BAHIA,Brasil,2918407,29,33,,,,Caatinga,2.3
32f51832-905e-34c2-91de-58718f887684, -10.898690, -46.720120,2025-04-07 16:22:00,NOAA-20,MATEIROS,TOCANTINS,Brasil,1712702,17,33,,,,Cerrado,11.7
2f9c90ad-4403-3fb1-a346-6fccd52ae859, -10.925570, -46.736340,2025-04-07 16:22:00,NOAA-20,MATEIROS,TOCANTINS,Brasil,1712702,17,33,,,,Cerrado,17.1
e6a8eda9-e386-3f22-8df4-807b9f3a3589, -10.902400, -46.719570,2025-04-07 16:22:00,NOAA-20,MATEIROS,TOCANTINS,Brasil,1712702,17,33,,,,Cerrado,11.7
9040f167-10ab-31f7-b3cb-47061fee42dd, -12.104820, -45.631230,2025-04-07 16:22:00,NOAA-20,LUÍS EDUARDO MAGALHÃES,BAHIA,Brasil,2919553,29,33,,,,Cerrado,5.5
47a0d6bf-bf6e-37e3-98a2-a7960e88d301,  -7.495670, -43.420350,2025-04-07 16:22:00,NOAA-20,CANAVIEIRA,PIAUÍ,Brasil,2202251,22,33,,,,Cerrado,3.0
25ca60c1-78ce-3dc1-a370-40b159816e0e, -11.940450, -37.791040,2025-04-07 16:22:00,NOAA-20,ESPLANADA,BAHIA,Brasil,2910602,29,33,,,,Mata Atlântica,5.9
bd23bf45-21ed-3a24-8590-9078e9908147, -10.158120, -39.301990,2025-04-07 16:22:00,NOAA-20,UAUÁ,BAHIA,Brasil,2932002,29,33,,,,Caatinga,6.4
0cd0b744-9669-362b-8fb8-5480359918b7, -10.900760, -46.721700,2025-04-07 16:22:00,NOAA-20,MATEIROS,TOCANTINS,Brasil,1712702,17,33,,,,Cerrado,9.4
2a20e9a6-1532-3fe6-badd-ebc5fc2bed6e, -13.043680, -47.560490,2025-04-07 16:22:00,NOAA-20,PARANÃ,TOCANTINS,Brasil,1716208,17,33,,,,Cerrado,8.5
9a86205b-a0a4-3b2d-b4eb-ba26db998687,  -9.331270, -41.064900,2025-04-07 16:22:00,NOAA-20,CASA NOVA,BAHIA,Brasil,2907202,29,33,,,,Caatinga,10.1
004744a2-9d27-3fbb-a1ff-a2c527132611, -12.657090, -38.508450,2025-04-07 16:22:00,NOAA-20,CANDEIAS,BAHIA,Brasil,2906501,29,33,,,,Mata Atlântica,7.2
e9d144e5-d921-3b13-9f40-22830415b586, -12.008220, -38.454960,2025-04-07 16:22:00,NOAA-20,ARAMARI,BAHIA,Brasil,2902203,29,33,,,,Caatinga,10.5
a57117b9-edb6-3851-8395-516b34f7076d, -11.583620, -47.636930,2025-04-07 16:22:00,NOAA-20,NATIVIDADE,TOCANTINS,Brasil,1714203,17,33,,,,Cerrado,12.6
972cf4be-1d18-3bdc-bd2b-ab3547cbf044, -10.886890, -46.717290,2025-04-07 16:22:00,NOAA-20,MATEIROS,TOCANTINS,Brasil,1712702,17,33,,,,Cerrado,26.8
bcb38d0d-cbd5-3d62-aec3-ca114b514ca8,  -9.248540, -40.548590,2025-04-07 16:22:00,NOAA-20,PETROLINA,PERNAMBUCO,Brasil,2611101,26,33,,,,Caatinga,13.9
62f55130-819f-3300-bc30-4ccc5cdf0315, -10.714360, -46.528590,2025-04-07 16:22:00,NOAA-20,MATEIROS,TOCANTINS,Brasil,1712702,17,33,,,,Cerrado,6.8
fa41b3b8-1cb3-397d-b6ff-464c9829d132,  -7.471430, -43.439050,2025-04-07 16:22:00,NOAA-20,CANAVIEIRA,PIAUÍ,Brasil,2202251,22,33,,,,Cerrado,4.7
2d2e1644-51ac-3e81-84a7-382dd549ab5c, -10.655480, -40.061560,2025-04-07 16:22:00,NOAA-20,FILADÉLFIA,BAHIA,Brasil,2910859,29,33,,,,Caatinga,4.0
e1243f8e-68dd-3335-a5de-11cc9f744771,  -7.474210, -43.435060,2025-04-07 16:22:00,NOAA-20,CANAVIEIRA,PIAUÍ,Brasil,2202251,22,33,,,,Cerrado,4.7
332ba803-c366-326e-ac5d-f6d60054f52b, -12.102490, -45.614860,2025-04-07 16:22:00,NOAA-20,BARREIRAS,BAHIA,Brasil,2903201,29,33,,,,Cerrado,6.0
301aea4f-4210-3403-8421-d5e851c4a53a, -11.633000, -38.018000,2025-04-07 16:22:00,NOAA-20,ACAJUTIBA,BAHIA,Brasil,2900306,29,33,,,,Caatinga,11.7
c74a4ac8-c135-32d0-98ac-c3e4a0ca9e37,  -7.340530, -43.359790,2025-04-07 16:22:00,NOAA-20,JERUMENHA,PIAUÍ,Brasil,2205300,22,33,,,,Cerrado,3.6
3e5380d4-d726-325d-a0d3-aecb0d697b62, -13.049910, -53.711380,2025-04-07 16:22:00,NOAA-20,GAÚCHA DO NORTE,MATO GROSSO,Brasil,5103858,51,33,,,,Amazônia,4.9
0e8f449c-fdac-3824-acd2-92d9761220a0, -10.880100, -46.722890,2025-04-07 16:22:00,NOAA-20,MATEIROS,TOCANTINS,Brasil,1712702,17,33,,,,Cerrado,8.4
f69a4e14-ff25-3913-a007-dc9bacfbd1d3,  -8.003510, -42.000510,2025-04-07 16:22:00,NOAA-20,NOVA SANTA RITA,PIAUÍ,Brasil,2207959,22,33,,,,Caatinga,3.1
2140153d-0497-32dd-9840-cdfa4079be8f,  -9.854340, -37.586130,2025-04-07 16:22:00,NOAA-20,POÇO REDONDO,SERGIPE,Brasil,2805406,28,33,,,,Caatinga,5.2
fdaa3186-ca6c-3019-94bd-835dc52ec16a,  -7.814300, -42.929780,2025-04-07 16:22:00,NOAA-20,FLORES DO PIAUÍ,PIAUÍ,Brasil,2203800,22,33,,,,Caatinga,11.3
11e0cc96-1dd9-3a5d-85bf-be7c1b543758, -12.454040, -38.296880,2025-04-07 16:22:00,NOAA-20,MATA DE SÃO JOÃO,BAHIA,Brasil,2921005,29,33,,,,Mata Atlântica,6.4
4e886181-ecf5-330d-80db-8523d2e1c48a, -12.103070, -45.618950,2025-04-07 16:22:00,NOAA-20,BARREIRAS,BAHIA,Brasil,2903201,29,33,,,,Cerrado,6.0
ed365837-cc79-3310-8071-d3f7d516c669, -10.484660, -46.175820,2025-04-07 16:22:00,NOAA-20,MATEIROS,TOCANTINS,Brasil,1712702,17,33,,,,Cerrado,7.5
bb76c8f3-7067-3c06-9812-94e9f9d20fcc, -10.670360, -44.392520,2025-04-07 16:22:00,NOAA-20,SANTA RITA DE CÁSSIA,BAHIA,Brasil,2928406,29,33,,,,Cerrado,5.5
5e2aeb76-08cb-31ea-b35b-628bf716041c,  -9.970610, -38.294790,2025-04-07 16:22:00,NOAA-20,JEREMOABO,BAHIA,Brasil,2918100,29,33,,,,Caatinga,12.9
8a022d68-6526-3e52-90a1-92e3b70e3481, -10.489830, -38.536820,2025-04-07 16:22:00,NOAA-20,CÍCERO DANTAS,BAHIA,Brasil,2907806,29,33,,,,Caatinga,5.0
ec0e09cd-8440-39f6-8d46-538d5c1e19f6, -13.036340, -45.008340,2025-04-07 16:22:00,NOAA-20,SÃO DESIDÉRIO,BAHIA,Brasil,2928901,29,33,,,,Cerrado,17.6
202fa418-8280-332e-8c85-a4befde83490, -10.852910, -40.391150,2025-04-07 16:22:00,NOAA-20,SAÚDE,BAHIA,Brasil,2929800,29,33,,,,Caatinga,3.6
22f77c60-6776-384e-bb51-86a9282d2834, -13.028760, -45.005370,2025-04-07 16:22:00,NOAA-20,SÃO DESIDÉRIO,BAHIA,Brasil,2928901,29,33,,,,Cerrado,8.6
a930e70b-415f-30cc-93da-c8b882ff1f90, -12.766730, -44.838590,2025-04-07 16:22:00,NOAA-20,SÃO DESIDÉRIO,BAHIA,Brasil,2928901,29,33,,,,Cerrado,6.5
ee0a5da7-9d60-34de-913f-3a1f7fcdedf4, -10.670890, -44.396150,2025-04-07 16:22:00,NOAA-20,SANTA RITA DE CÁSSIA,BAHIA,Brasil,2928406,29,33,,,,Cerrado,5.5
a4a64199-e8b7-3b48-90c4-a338530d081a, -14.293820, -53.223030,2025-04-07 16:22:00,NOAA-20,CAMPINÁPOLIS,MATO GROSSO,Brasil,5102603,51,33,,,,Cerrado,3.0
4b171cd0-203f-3fbe-a3c2-49c8c34cfd50, -13.464290, -51.321230,2025-04-07 16:22:00,NOAA-20,COCALINHO,MATO GROSSO,Brasil,5103106,51,33,,,,Cerrado,1.4
f23ca229-350a-33f4-9e90-800daddd4700,  -8.934600, -37.584910,2025-04-07 16:22:00,NOAA-20,MANARI,PERNAMBUCO,Brasil,2609154,26,33,,,,Caatinga,6.5
c83f26ec-b929-3e41-af34-e70d3626b7a6,  -7.385160, -43.541440,2025-04-07 16:22:00,NOAA-20,CANAVIEIRA,PIAUÍ,Brasil,2202251,22,33,,,,Cerrado,6.7
e55fd54e-e743-34ea-bb0d-c495420e48c8, -13.033410, -45.005500,2025-04-07 16:22:00,NOAA-20,SÃO DESIDÉRIO,BAHIA,Brasil,2928901,29,33,,,,Cerrado,37.8
73b8d0dd-0dec-3b5d-a1e2-f5d6989e81b6, -10.842630, -37.870020,2025-04-07 16:22:00,NOAA-20,SIMÃO DIAS,SERGIPE,Brasil,2807105,28,33,,,,Caatinga,1.6
d1c9dd93-aa75-3f8a-b582-a0a42abcb5c2, -14.291320, -53.226200,2025-04-07 16:22:00,NOAA-20,CAMPINÁPOLIS,MATO GROSSO,Brasil,5102603,51,33,,,,Cerrado,4.3
656137d8-7f42-34e7-8e67-c6d5a1654ba1, -10.915030, -46.742570,2025-04-07 16:22:00,NOAA-20,MATEIROS,TOCANTINS,Brasil,1712702,17,33,,,,Cerrado,4.2
1e7eb8f2-28f0-3c32-a542-4f8111105656, -12.681070, -38.398790,2025-04-07 16:22:00,NOAA-20,SIMÕES FILHO,BAHIA,Brasil,2930709,29,33,,,,Mata Atlântica,8.1
795c0f52-7694-306b-8557-f8d69b1082a5, -12.105400, -45.635350,2025-04-07 16:22:00,NOAA-20,LUÍS EDUARDO MAGALHÃES,BAHIA,Brasil,2919553,29,33,,,,Cerrado,5.5
7745546f-a93c-3ba6-87f5-da6d98501787, -12.203010, -41.537800,2025-04-07 16:22:00,NOAA-20,IRAQUARA,BAHIA,Brasil,2914406,29,33,,,,Caatinga,5.3
8fdc08e7-5372-308f-938d-4bb22408bbeb, -10.899330, -46.724620,2025-04-07 16:22:00,NOAA-20,MATEIROS,TOCANTINS,Brasil,1712702,17,33,,,,Cerrado,11.7
87362531-1719-3968-ae5a-b6143c75383f, -10.901380, -46.726220,2025-04-07 16:22:00,NOAA-20,MATEIROS,TOCANTINS,Brasil,1712702,17,33,,,,Cerrado,9.4
efd0a495-3a51-3f7e-85a3-d43b5f48e89f, -10.879470, -46.718410,2025-04-07 16:22:00,NOAA-20,MATEIROS,TOCANTINS,Brasil,1712702,17,33,,,,Cerrado,7.0
5472813c-3a66-35eb-9de3-61f30185dc92, -10.892540, -46.730220,2025-04-07 16:22:00,NOAA-20,MATEIROS,TOCANTINS,Brasil,1712702,17,33,,,,Cerrado,9.7
fcfc940d-866d-32cd-922b-3f52749a50c3, -13.048580, -53.712990,2025-04-07 16:22:00,NOAA-20,GAÚCHA DO NORTE,MATO GROSSO,Brasil,5103858,51,33,,,,Amazônia,4.3
b48b2cc9-ba69-301a-a6de-1e86e42bf305, -10.899980, -46.729130,2025-04-07 16:22:00,NOAA-20,MATEIROS,TOCANTINS,Brasil,1712702,17,33,,,,Cerrado,5.8
dc677ab1-9799-35ae-8156-14b94c438935, -10.158870, -39.306570,2025-04-07 16:22:00,NOAA-20,UAUÁ,BAHIA,Brasil,2932002,29,33,,,,Caatinga,6.4
c2274550-e215-3abe-a2ab-5023e181c055,  -7.461580, -41.782910,2025-04-07 16:22:00,NOAA-20,FLORESTA DO PIAUÍ,PIAUÍ,Brasil,2203859,22,33,,,,Caatinga,3.3
cb88a48c-9e90-39e4-b111-82d5ab6d493c, -12.108970, -45.634840,2025-04-07 16:22:00,NOAA-20,LUÍS EDUARDO MAGALHÃES,BAHIA,Brasil,2919553,29,33,,,,Cerrado,5.5
9c445a5e-8f64-3120-96a8-a1000213c665, -12.358640, -38.236010,2025-04-07 16:22:00,NOAA-20,POJUCA,BAHIA,Brasil,2925204,29,33,,,,Mata Atlântica,5.3
5b8c4a20-8d46-3bec-95cf-77415e85efa6, -10.897660, -46.726780,2025-04-07 16:22:00,NOAA-20,MATEIROS,TOCANTINS,Brasil,1712702,17,33,,,,Cerrado,13.2
40004840-0681-3b83-9086-08dde918baf6, -10.433060, -39.515840,2025-04-07 16:22:00,NOAA-20,MONTE SANTO,BAHIA,Brasil,2921500,29,33,,,,Caatinga,7.7
2871951e-ca32-362a-8c34-c1bba4beef9b,  -8.933250, -37.580920,2025-04-07 16:22:00,NOAA-20,MANARI,PERNAMBUCO,Brasil,2609154,26,33,,,,Caatinga,4.4
a09dc0e9-123a-3341-8773-7b91e8a73269, -10.671850, -44.391950,2025-04-07 16:22:00,NOAA-20,SANTA RITA DE CÁSSIA,BAHIA,Brasil,2928406,29,33,,,,Cerrado,4.3
a3d4082a-8966-3c12-aa3c-cce8851a4b2a, -10.672380, -44.395590,2025-04-07 16:22:00,NOAA-20,SANTA RITA DE CÁSSIA,BAHIA,Brasil,2928406,29,33,,,,Cerrado,4.3
2b7e1ecd-9672-322e-a31a-f45e1f8e9f4a, -10.904340, -46.733070,2025-04-07 16:22:00,NOAA-20,MATEIROS,TOCANTINS,Brasil,1712702,17,33,,,,Cerrado,5.8
156d38e3-11a6-3520-9e36-fd2d3973e145, -12.199660, -41.538340,2025-04-07 16:22:00,NOAA-20,IRAQUARA,BAHIA,Brasil,2914406,29,33,,,,Caatinga,5.3
5279829d-cfb6-3422-8aea-c3778fcd582f, -10.710060, -46.524720,2025-04-07 16:22:00,NOAA-20,MATEIROS,TOCANTINS,Brasil,1712702,17,33,,,,Cerrado,5.9
d62387ee-b2f9-3742-b320-7500482590cf,  -7.817620, -42.929260,2025-04-07 16:22:00,NOAA-20,FLORES DO PIAUÍ,PIAUÍ,Brasil,2203800,22,33,,,,Caatinga,11.3
19d2cfe8-72f6-310e-a564-84acf332331e,  -7.471960, -43.442530,2025-04-07 16:22:00,NOAA-20,CANAVIEIRA,PIAUÍ,Brasil,2202251,22,33,,,,Cerrado,7.4
d218be01-0509-3812-8083-dae212711893, -10.897040, -46.722260,2025-04-07 16:22:00,NOAA-20,MATEIROS,TOCANTINS,Brasil,1712702,17,33,,,,Cerrado,13.2
6dae1a81-f355-3fe4-959c-abc1db3988af, -10.906340, -46.734680,2025-04-07 16:22:00,NOAA-20,MATEIROS,TOCANTINS,Brasil,1712702,17,33,,,,Cerrado,9.6
0622cf94-6924-338c-9772-745b70f46507, -10.831150, -40.500790,2025-04-07 16:22:00,NOAA-20,MIRANGABA,BAHIA,Brasil,2921401,29,33,,,,Caatinga,2.2
1c00dd9a-b9b8-37a0-89f9-f8f07f64eff1,  -7.470900, -43.435570,2025-04-07 16:22:00,NOAA-20,CANAVIEIRA,PIAUÍ,Brasil,2202251,22,33,,,,Cerrado,4.7
a125ca07-0194-3bcf-895e-9ce71128e71f, -10.894560, -46.731830,2025-04-07 16:22:00,NOAA-20,MATEIROS,TOCANTINS,Brasil,1712702,17,33,,,,Cerrado,4.9
a2b4d28a-6084-3e49-a887-e54cc76b8c05, -10.427110, -38.449740,2025-04-07 16:22:00,NOAA-20,NOVO TRIUNFO,BAHIA,Brasil,2923050,29,33,,,,Caatinga,2.2
e50466a5-3381-364c-87e0-645ae3aec457, -10.886230, -39.313750,2025-04-07 16:22:00,NOAA-20,CANSANÇÃO,BAHIA,Brasil,2906808,29,33,,,,Caatinga,3.8
a56a244a-77bf-30a3-b4a8-42ff42bfbb81, -12.136850, -39.352480,2025-04-07 16:22:00,NOAA-20,SERRA PRETA,BAHIA,Brasil,2930402,29,33,,,,Mata Atlântica,4.7
9d940c6f-e4b4-34e0-9729-8e41ae42d4b5, -12.006420, -38.420330,2025-04-07 16:22:00,NOAA-20,ALAGOINHAS,BAHIA,Brasil,2900702,29,33,,,,Mata Atlântica,5.5
8c72e356-cd40-3559-b07a-38a3e4744a94, -12.763260, -44.839110,2025-04-07 16:22:00,NOAA-20,SÃO DESIDÉRIO,BAHIA,Brasil,2928901,29,33,,,,Cerrado,6.5
cc681373-9f8f-3e4c-82fa-6c580010d9db, -13.035760, -45.004380,2025-04-07 16:22:00,NOAA-20,SÃO DESIDÉRIO,BAHIA,Brasil,2928901,29,33,,,,Cerrado,17.6
665e8512-21e5-3736-a1ad-899906606987, -10.651910, -40.062150,2025-04-07 16:22:00,NOAA-20,FILADÉLFIA,BAHIA,Brasil,2910859,29,33,,,,Caatinga,4.0
7fade0fb-adde-33ef-9b1c-9d463d3b8e2a, -10.900150, -46.717210,2025-04-07 16:22:00,NOAA-20,MATEIROS,TOCANTINS,Brasil,1712702,17,33,,,,Cerrado,8.8
968690e0-fd4e-3777-a8bd-598a5668f5b5, -10.254950, -38.098540,2025-04-07 16:22:00,NOAA-20,SÍTIO DO QUINTO,BAHIA,Brasil,2930766,29,33,,,,Caatinga,3.4
06c71927-ffe4-3b70-a739-1972e444b8f1, -10.883820, -46.722330,2025-04-07 16:22:00,NOAA-20,MATEIROS,TOCANTINS,Brasil,1712702,17,33,,,,Cerrado,24.4
4c4775c6-4fd8-35a6-be4a-09ff7b2ae6fe,  -8.933940, -37.580980,2025-04-07 16:22:00,NOAA-20,MANARI,PERNAMBUCO,Brasil,2609154,26,33,,,,Caatinga,4.2
d958e421-be23-3469-a434-ce70c7991dfa, -10.898280, -46.731280,2025-04-07 16:22:00,NOAA-20,MATEIROS,TOCANTINS,Brasil,1712702,17,33,,,,Cerrado,4.9
ad124808-d404-33d3-bb8a-d3b2a08adba7,  -8.464370, -38.522040,2025-04-07 16:22:00,NOAA-20,FLORESTA,PERNAMBUCO,Brasil,2605707,26,33,,,,Caatinga,3.5
c1bffe97-e0ba-34c8-b8cd-6c01fb705b20, -10.420730, -39.244030,2025-04-07 16:22:00,NOAA-20,MONTE SANTO,BAHIA,Brasil,2921500,29,33,,,,Caatinga,2.4
edcdc5c8-04f8-36e7-b9e7-4375f03b3b3d,  -8.933940, -37.584840,2025-04-07 16:22:00,NOAA-20,MANARI,PERNAMBUCO,Brasil,2609154,26,33,,,,Caatinga,5.0
60c32571-ec7a-3b73-9b08-c06d4ee7e681, -10.884460, -46.726820,2025-04-07 16:22:00,NOAA-20,MATEIROS,TOCANTINS,Brasil,1712702,17,33,,,,Cerrado,24.4
e2759878-9a5e-3e86-9dcb-18d0b3f98794,  -8.984450, -37.625310,2025-04-07 16:22:00,NOAA-20,MANARI,PERNAMBUCO,Brasil,2609154,26,33,,,,Caatinga,9.4
34d50c9f-5eb5-3c06-99c6-5d48d8dc0ff7, -11.582020, -43.372750,2025-04-07 16:22:00,NOAA-20,BARRA,BAHIA,Brasil,2902708,29,33,,,,Cerrado,2.0
840bed41-8959-3a71-b9ae-53dcf66577ba, -13.032260, -45.004880,2025-04-07 16:22:00,NOAA-20,SÃO DESIDÉRIO,BAHIA,Brasil,2928901,29,33,,,,Cerrado,17.6
9c02790f-53cc-31b4-b7a2-fac353add6ef, -10.673470, -46.292350,2025-04-07 16:22:00,NOAA-20,MATEIROS,TOCANTINS,Brasil,1712702,17,33,,,,Cerrado,12.4
fa64b756-aa81-3060-b491-19352b711fc8, -10.896260, -46.729680,2025-04-07 16:22:00,NOAA-20,MATEIROS,TOCANTINS,Brasil,1712702,17,33,,,,Cerrado,9.7
ffb30994-1ee9-3938-8a8d-f8757e1af523, -10.888180, -46.726280,2025-04-07 16:22:00,NOAA-20,MATEIROS,TOCANTINS,Brasil,1712702,17,33,,,,Cerrado,24.4
9b47089c-c583-370c-bba4-8c1c1508af9d, -13.632170, -50.249840,2025-04-07 16:22:00,NOAA-20,MUNDO NOVO,GOIÁS,Brasil,5214051,52,33,,,,Cerrado,5.2
56f68e0b-afe3-35af-9244-5e09eb54255b,  -7.480840, -43.434040,2025-04-07 16:22:00,NOAA-20,CANAVIEIRA,PIAUÍ,Brasil,2202251,22,33,,,,Cerrado,4.6
927a7df4-0051-3f76-8498-ac963110f4a7, -10.895620, -46.725180,2025-04-07 16:22:00,NOAA-20,MATEIROS,TOCANTINS,Brasil,1712702,17,33,,,,Cerrado,9.5
aff5cf7f-59d4-3d2f-8921-a7209fb9bada, -10.477750, -38.274880,2025-04-07 16:22:00,NOAA-20,CÍCERO DANTAS,BAHIA,Brasil,2907806,29,33,,,,Caatinga,4.7
114e9fa8-a1eb-3dda-a7eb-452107f1d81c, -10.654100, -40.062210,2025-04-07 16:22:00,NOAA-20,FILADÉLFIA,BAHIA,Brasil,2910859,29,33,,,,Caatinga,8.0
164c3942-03e9-3067-bc36-f4ab5690be6a,  -5.684830, -37.334660,2025-04-07 16:24:00,NOAA-20,UPANEMA,RIO GRANDE DO NORTE,Brasil,2414605,24,33,,,,Caatinga,4.3
1a566580-bcc4-33f7-b9a7-8ef6c8a9bcfb,  -6.958770, -42.688790,2025-04-07 16:24:00,NOAA-20,NAZARÉ DO PIAUÍ,PIAUÍ,Brasil,2206704,22,33,,,,Caatinga,3.0
660230ff-c4f4-3336-b05b-93839365a50e,  -6.879490, -41.685680,2025-04-07 16:24:00,NOAA-20,IPIRANGA DO PIAUÍ,PIAUÍ,Brasil,2204808,22,33,,,,Caatinga,11.6
7d263ffb-6a30-3649-bf68-3901512f047e,  -7.569320, -46.455650,2025-04-07 16:24:00,NOAA-20,RIACHÃO,MARANHÃO,Brasil,2109502,21,33,,,,Cerrado,3.1
f6517612-efce-35c0-b260-be4653cfece6,  -4.773710, -44.036730,2025-04-07 16:24:00,NOAA-20,CODÓ,MARANHÃO,Brasil,2103307,21,33,,,,Cerrado,4.7
841faad4-dbf5-314a-bac1-3279d28856ce, -27.014320, -52.205770,2025-04-07 17:09:00,NOAA-21,IPUMIRIM,SANTA CATARINA,Brasil,4207700,42,33,,,,Mata Atlântica,56.3
5c9213f9-8718-39c5-97e8-54fcbc31bae3, -27.004390, -52.207610,2025-04-07 17:09:00,NOAA-21,IPUMIRIM,SANTA CATARINA,Brasil,4207700,42,33,,,,Mata Atlântica,130.0
a7704b7d-b726-340f-8a5c-de7b99296bc2, -20.207530, -55.259000,2025-04-07 17:11:00,NOAA-21,AQUIDAUANA,MATO GROSSO DO SUL,Brasil,5001102,50,33,,,,Cerrado,2.9
5e99f4d9-cb52-376c-be3d-ee577151bdec, -21.719660, -49.762650,2025-04-07 17:11:00,NOAA-21,LINS,SÃO PAULO,Brasil,3527108,35,33,,,,Mata Atlântica,5.0
f3b1e84b-7cfe-3a50-969f-447bc28165cb, -19.397260, -56.577210,2025-04-07 17:11:00,NOAA-21,CORUMBÁ,MATO GROSSO DO SUL,Brasil,5003207,50,33,,,,Pantanal,9.6
98eb0484-13fa-3297-a070-b3efeeb7f942, -21.437130, -54.155740,2025-04-07 17:11:00,NOAA-21,NOVA ALVORADA DO SUL,MATO GROSSO DO SUL,Brasil,5006002,50,33,,,,Cerrado,6.2
2aad0a37-8085-3178-beeb-f2954cf71343, -20.042740, -47.815950,2025-04-07 17:11:00,NOAA-21,IGARAPAVA,SÃO PAULO,Brasil,3520103,35,33,,,,Cerrado,54.2
6d1b0837-8f33-3521-bd64-ed3d878645d3, -21.296360, -49.104080,2025-04-07 17:11:00,NOAA-21,ITAJOBI,SÃO PAULO,Brasil,3521903,35,33,,,,Mata Atlântica,13.9
70274ae5-2785-3eb4-a7d9-b1a76b558157, -20.227140, -56.286720,2025-04-07 17:11:00,NOAA-21,MIRANDA,MATO GROSSO DO SUL,Brasil,5005608,50,33,,,,Cerrado,4.0
8e0c282b-d22a-3722-a1fd-aba9128a92fc, -21.577200, -55.970310,2025-04-07 17:11:00,NOAA-21,GUIA LOPES DA LAGUNA,MATO GROSSO DO SUL,Brasil,5004106,50,33,,,,Cerrado,12.5
4be01c7e-c9ea-3e06-8da0-695e0d60f5ab, -21.107090, -47.451980,2025-04-07 17:11:00,NOAA-21,ALTINÓPOLIS,SÃO PAULO,Brasil,3501004,35,33,,,,Cerrado,3.3
98fbfcb4-2eb0-3e65-a2a1-c379f91b40dc, -23.558640, -54.513700,2025-04-07 17:11:00,NOAA-21,IGUATEMI,MATO GROSSO DO SUL,Brasil,5004304,50,33,,,,Mata Atlântica,4.7
a7d3f2c0-f4d7-38f0-a636-887e9b9c0cfe, -19.176880, -52.444280,2025-04-07 17:11:00,NOAA-21,CASSILÂNDIA,MATO GROSSO DO SUL,Brasil,5002902,50,33,,,,Cerrado,4.0
a1825310-2551-3820-b3a7-db6dfa4f51f5, -20.037170, -47.809150,2025-04-07 17:11:00,NOAA-21,IGARAPAVA,SÃO PAULO,Brasil,3520103,35,33,,,,Cerrado,25.0
2cac44be-c43f-3a56-844c-1c142c435157, -18.097760, -50.402750,2025-04-07 17:11:00,NOAA-21,MAURILÂNDIA,GOIÁS,Brasil,5213004,52,33,,,,Cerrado,9.8
b93081ba-d32a-39cc-aa79-2cfa059e38ab, -19.403660, -56.597450,2025-04-07 17:11:00,NOAA-21,CORUMBÁ,MATO GROSSO DO SUL,Brasil,5003207,50,33,,,,Pantanal,12.2
aac42d45-be9a-362c-90a9-a083efc8ed0f, -19.393160, -56.573590,2025-04-07 17:11:00,NOAA-21,CORUMBÁ,MATO GROSSO DO SUL,Brasil,5003207,50,33,,,,Pantanal,9.6
d24dcba2-0d23-3884-896b-1c56cb24cd7e, -19.658930, -50.205720,2025-04-07 17:11:00,NOAA-21,ITURAMA,MINAS GERAIS,Brasil,3134400,31,33,,,,Cerrado,18.4
3d93ef27-740f-3474-9191-7aaf7d815317, -21.433250, -54.152570,2025-04-07 17:11:00,NOAA-21,NOVA ALVORADA DO SUL,MATO GROSSO DO SUL,Brasil,5006002,50,33,,,,Cerrado,7.0
c592b1cc-8863-338b-81a3-9467707b62d7, -20.042010, -47.812060,2025-04-07 17:11:00,NOAA-21,IGARAPAVA,SÃO PAULO,Brasil,3520103,35,33,,,,Cerrado,54.2
0940c110-61aa-33d3-900e-15cc32a73fac, -21.296500, -49.106970,2025-04-07 17:11:00,NOAA-21,ITAJOBI,SÃO PAULO,Brasil,3521903,35,33,,,,Mata Atlântica,12.9
f2c27623-3fab-32e9-8cbc-a8e7ec11154b, -21.430480, -54.156880,2025-04-07 17:11:00,NOAA-21,NOVA ALVORADA DO SUL,MATO GROSSO DO SUL,Brasil,5006002,50,33,,,,Cerrado,6.0
1295fab3-0779-356d-8d7f-77ab24ad2f52, -20.833680, -47.758220,2025-04-07 17:11:00,NOAA-21,SALES OLIVEIRA,SÃO PAULO,Brasil,3544905,35,33,,,,Cerrado,5.3
38cda6ba-cedf-3d82-8e0c-44f69406191a, -23.560890, -54.505230,2025-04-07 17:11:00,NOAA-21,IGUATEMI,MATO GROSSO DO SUL,Brasil,5004304,50,33,,,,Mata Atlântica,17.6
d627d38c-7dd8-35ea-a2e5-554f3c5a1639, -20.038630, -47.816930,2025-04-07 17:11:00,NOAA-21,IGARAPAVA,SÃO PAULO,Brasil,3520103,35,33,,,,Cerrado,54.2
a1655794-a4b0-3c07-9032-33f4e1764d5e, -19.179630, -52.439910,2025-04-07 17:11:00,NOAA-21,CASSILÂNDIA,MATO GROSSO DO SUL,Brasil,5002902,50,33,,,,Cerrado,4.0
88faa0ae-4f3f-35c6-969a-f55d6da7cc79, -19.397890, -56.555930,2025-04-07 17:11:00,NOAA-21,CORUMBÁ,MATO GROSSO DO SUL,Brasil,5003207,50,33,,,,Pantanal,3.7
1c8fe7a9-2773-3008-9719-7565409ba1f5, -21.002020, -56.678510,2025-04-07 17:11:00,NOAA-21,BONITO,MATO GROSSO DO SUL,Brasil,5002209,50,33,,,,Cerrado,7.5
bf8312a0-5177-3ce1-9e22-4bd6c60c0f55, -21.660050, -45.276940,2025-04-07 17:11:00,NOAA-21,TRÊS CORAÇÕES,MINAS GERAIS,Brasil,3169307,31,33,,,,Mata Atlântica,3.5
c936ad32-443d-3727-8fd4-eb3a7a764817, -19.393740, -56.577740,2025-04-07 17:11:00,NOAA-21,CORUMBÁ,MATO GROSSO DO SUL,Brasil,5003207,50,33,,,,Pantanal,9.6
e3c15b90-8c45-3093-b1b1-8c8523d1b31c, -21.023170, -52.971820,2025-04-07 17:11:00,NOAA-21,SANTA RITA DO PARDO,MATO GROSSO DO SUL,Brasil,5007554,50,33,,,,Cerrado,2.3
8b6f252f-a0f2-3dc9-9ac2-11bd02f6dae7, -19.180240, -52.443670,2025-04-07 17:11:00,NOAA-21,CASSILÂNDIA,MATO GROSSO DO SUL,Brasil,5002902,50,33,,,,Cerrado,4.0
1799930b-dc22-356d-9a73-578ecc0a2c67, -20.584310, -48.581610,2025-04-07 17:11:00,NOAA-21,BARRETOS,SÃO PAULO,Brasil,3505500,35,33,,,,Cerrado,6.4
dab0c752-81fd-3c2f-8118-17aa7fa9cd53, -20.037900, -47.813020,2025-04-07 17:11:00,NOAA-21,IGARAPAVA,SÃO PAULO,Brasil,3520103,35,33,,,,Cerrado,54.2
7d93542d-ee86-36d5-8bee-90cb1cad6d2c, -19.585110, -53.855390,2025-04-07 17:11:00,NOAA-21,RIBAS DO RIO PARDO,MATO GROSSO DO SUL,Brasil,5007109,50,33,,,,Cerrado,10.1
b6e6fcbd-4ecd-3432-8320-461bb15fc320, -20.165200, -54.600810,2025-04-07 17:11:00,NOAA-21,JARAGUARI,MATO GROSSO DO SUL,Brasil,5004908,50,33,,,,Cerrado,15.6
b513199a-2bf2-376e-ae61-0752fecad67a, -19.404240, -56.601610,2025-04-07 17:11:00,NOAA-21,CORUMBÁ,MATO GROSSO DO SUL,Brasil,5003207,50,33,,,,Pantanal,12.2
67815ac6-a959-3a3d-92db-bcc489cd28a6, -23.007950, -51.577420,2025-04-07 17:11:00,NOAA-21,JAGUAPITÃ,PARANÁ,Brasil,4111902,41,33,,,,Mata Atlântica,2.4
a81e9c4a-f0f4-318f-b9fe-85ca78c7636c, -11.842300, -43.804560,2025-04-07 17:13:00,NOAA-21,WANDERLEY,BAHIA,Brasil,2933455,29,33,,,,Cerrado,31.3
161acd78-2a40-3bf2-b0ce-bd95e0b38995, -12.644230, -52.412870,2025-04-07 17:13:00,NOAA-21,QUERÊNCIA,MATO GROSSO,Brasil,5107065,51,33,,,,Amazônia,5.6
9cfb7763-24f5-3aa9-9b0e-a0e87a4015d2, -12.762770, -44.836590,2025-04-07 17:13:00,NOAA-21,SÃO DESIDÉRIO,BAHIA,Brasil,2928901,29,33,,,,Cerrado,12.0
72def061-7143-37ad-9b94-905507b8254b, -11.843280, -43.809470,2025-04-07 17:13:00,NOAA-21,WANDERLEY,BAHIA,Brasil,2933455,29,33,,,,Cerrado,35.5
5b8256cf-043c-3959-a4c5-e8e9512bcdfd, -10.645920, -44.399580,2025-04-07 17:13:00,NOAA-21,SANTA RITA DE CÁSSIA,BAHIA,Brasil,2928406,29,33,,,,Cerrado,9.3
d5ff88ff-8fb6-35ca-bb25-faca7bf81ac9, -10.485910, -46.174080,2025-04-07 17:13:00,NOAA-21,MATEIROS,TOCANTINS,Brasil,1712702,17,33,,,,Cerrado,4.9
f87de9b2-fff0-351b-b543-5a8fc7feab21, -13.180860, -43.418230,2025-04-07 17:13:00,NOAA-21,BOM JESUS DA LAPA,BAHIA,Brasil,2903904,29,33,,,,Cerrado,14.6
cb1345d3-9555-31df-9f5a-05719c56b4a6, -13.023830, -44.999290,2025-04-07 17:13:00,NOAA-21,SÃO DESIDÉRIO,BAHIA,Brasil,2928901,29,33,,,,Cerrado,26.1
67cdd2e2-bdea-34c0-ab23-96c9a32ff340, -11.582240, -47.638830,2025-04-07 17:13:00,NOAA-21,NATIVIDADE,TOCANTINS,Brasil,1714203,17,33,,,,Cerrado,11.3
55feba7c-d205-3f8c-86cb-6887d1d4c497, -12.111270, -45.638510,2025-04-07 17:13:00,NOAA-21,LUÍS EDUARDO MAGALHÃES,BAHIA,Brasil,2919553,29,33,,,,Cerrado,59.5
c8b62d1b-a112-34b5-ad19-f999939e54f9, -12.761280, -44.836140,2025-04-07 17:13:00,NOAA-21,SÃO DESIDÉRIO,BAHIA,Brasil,2928901,29,33,,,,Cerrado,6.6
8020380c-45c6-31ce-b488-af7b9c1de291, -10.429400, -44.888410,2025-04-07 17:13:00,NOAA-21,CORRENTE,PIAUÍ,Brasil,2202901,22,33,,,,Cerrado,5.7
c6c01949-9ced-39e1-89c9-fe883a9aac08, -11.188320, -48.158180,2025-04-07 17:13:00,NOAA-21,SILVANÓPOLIS,TOCANTINS,Brasil,1720655,17,33,,,,Cerrado,8.0
0180e1a0-48b9-3b6c-a08a-82171416de2f, -13.024650, -45.003430,2025-04-07 17:13:00,NOAA-21,SÃO DESIDÉRIO,BAHIA,Brasil,2928901,29,33,,,,Cerrado,26.1
76bb431c-131c-3aa1-a1c2-c227aa511d01, -13.029430, -44.998060,2025-04-07 17:13:00,NOAA-21,SÃO DESIDÉRIO,BAHIA,Brasil,2928901,29,33,,,,Cerrado,26.1
6aa2f0f4-0e17-3df9-8f6c-fce268a27dbf, -10.665760, -46.278230,2025-04-07 17:13:00,NOAA-21,MATEIROS,TOCANTINS,Brasil,1712702,17,33,,,,Cerrado,3.9
44f416dc-e7eb-3402-b9d2-781024cb0f73, -13.036640, -45.004890,2025-04-07 17:13:00,NOAA-21,SÃO DESIDÉRIO,BAHIA,Brasil,2928901,29,33,,,,Cerrado,9.0
aa455b39-17a4-32d0-ba6b-fd7ef8c78f48, -12.109880, -45.631210,2025-04-07 17:13:00,NOAA-21,LUÍS EDUARDO MAGALHÃES,BAHIA,Brasil,2919553,29,33,,,,Cerrado,57.9
f316f67c-ff37-360b-a99f-80843ea1c75d, -12.762060, -44.840220,2025-04-07 17:13:00,NOAA-21,SÃO DESIDÉRIO,BAHIA,Brasil,2928901,29,33,,,,Cerrado,6.6
83e72980-e96c-3457-b65e-3980a60fe605, -14.448730, -58.620380,2025-04-07 17:13:00,NOAA-21,TANGARÁ DA SERRA,MATO GROSSO,Brasil,5107958,51,33,,,,Cerrado,5.3
685a4ba8-a8f6-324c-8a83-c6f77cc80fc1, -14.291320, -53.225650,2025-04-07 17:13:00,NOAA-21,CAMPINÁPOLIS,MATO GROSSO,Brasil,5102603,51,33,,,,Cerrado,5.3
4bbd7e33-3635-3311-9bef-0a4a58d269b5, -12.944810, -55.941960,2025-04-07 17:13:00,NOAA-21,LUCAS DO RIO VERDE,MATO GROSSO,Brasil,5105259,51,33,,,,Cerrado,3.0
60adbc05-765f-3b11-b277-873500f212e6, -12.110570, -45.634860,2025-04-07 17:13:00,NOAA-21,LUÍS EDUARDO MAGALHÃES,BAHIA,Brasil,2919553,29,33,,,,Cerrado,59.5
55c97b96-8678-3f24-be8d-a9c31315ef97, -13.031060, -45.006230,2025-04-07 17:13:00,NOAA-21,SÃO DESIDÉRIO,BAHIA,Brasil,2928901,29,33,,,,Cerrado,13.9
14aeee5d-0a1d-3ddc-af41-9b15340d1db1, -13.037430, -45.008870,2025-04-07 17:13:00,NOAA-21,SÃO DESIDÉRIO,BAHIA,Brasil,2928901,29,33,,,,Cerrado,9.0
d0fea7b9-c9af-3484-8cd2-3be654437722, -13.030260, -45.002190,2025-04-07 17:13:00,NOAA-21,SÃO DESIDÉRIO,BAHIA,Brasil,2928901,29,33,,,,Cerrado,26.1
3a35241d-fd43-3253-a7e8-2750c8171638, -14.358900, -50.008650,2025-04-07 17:13:00,NOAA-21,CRIXÁS,GOIÁS,Brasil,5206404,52,33,,,,Cerrado,4.9
7c5b83ae-c0dd-3aa3-b5c3-a65bd66a19bc, -14.287920, -53.226220,2025-04-07 17:13:00,NOAA-21,CAMPINÁPOLIS,MATO GROSSO,Brasil,5102603,51,33,,,,Cerrado,5.6
8818161b-3368-3667-9fd3-4ba48c06a408, -10.651990, -44.398330,2025-04-07 17:13:00,NOAA-21,SANTA RITA DE CÁSSIA,BAHIA,Brasil,2928406,29,33,,,,Cerrado,9.3
0a72b3c6-09fa-384e-a570-fde2179b3f08, -13.031850, -45.010200,2025-04-07 17:13:00,NOAA-21,SÃO DESIDÉRIO,BAHIA,Brasil,2928901,29,33,,,,Cerrado,13.9
89e3f5fa-0d6c-3d38-b22a-f806ff0d4eea, -13.035840, -45.000860,2025-04-07 17:13:00,NOAA-21,SÃO DESIDÉRIO,BAHIA,Brasil,2928901,29,33,,,,Cerrado,16.0
90b19c33-80aa-3213-bc45-0bc010781e5a, -10.670200, -44.394480,2025-04-07 17:13:00,NOAA-21,SANTA RITA DE CÁSSIA,BAHIA,Brasil,2928406,29,33,,,,Cerrado,6.9
01f657dc-9bf7-38ff-a9be-1cffd31e54ba,  -6.461740, -48.359570,2025-04-07 17:15:00,NOAA-21,XAMBIOÁ,TOCANTINS,Brasil,1722107,17,33,,,,Amazônia,2.6
1b7a20da-79c7-37f3-a5e1-509ce78355b2,   -.569900, -63.707550,2025-04-07 17:17:00,NOAA-21,BARCELOS,AMAZONAS,Brasil,1300409,13,33,,,,Amazônia,0.7
2831f50d-1174-3600-91e2-70dd98aa9b85, -20.042340, -47.806000,2025-04-07 17:30:00,AQUA_M-T,IGARAPAVA,SÃO PAULO,Brasil,3520103,35,33,,,,Cerrado,34.5
62d7dbd0-d7e6-31cd-ac67-dcced46b11e9, -20.041500, -47.822350,2025-04-07 17:30:00,AQUA_M-T,IGARAPAVA,SÃO PAULO,Brasil,3520103,35,33,,,,Cerrado,57.4
c723f951-bb03-3843-865c-e152f88b3397, -20.039090, -47.799200,2025-04-07 17:30:00,AQUA_M-T,IGARAPAVA,SÃO PAULO,Brasil,3520103,35,33,,,,Cerrado,14.7
8f9eb080-0bef-30fe-b143-1e51346b31d7, -20.836700, -43.081950,2025-04-07 17:30:00,AQUA_M-T,SENADOR FIRMINO,MINAS GERAIS,Brasil,3165701,31,33,,,,Mata Atlântica,50.9
ffb31d49-83fa-3909-a88a-c08329faa386, -20.985160, -43.035680,2025-04-07 17:30:00,AQUA_M-T,DIVINÉSIA,MINAS GERAIS,Brasil,3121902,31,33,,,,Mata Atlântica,5.4
0fc6c6cb-0b0a-3f74-ab27-7b910f75cc9d, -20.838180, -43.093020,2025-04-07 17:30:00,AQUA_M-T,SENADOR FIRMINO,MINAS GERAIS,Brasil,3165701,31,33,,,,Mata Atlântica,28.8
5026161a-5614-37d8-b7b1-e771852cf780, -13.025440, -44.995330,2025-04-07 17:32:00,AQUA_M-T,SÃO DESIDÉRIO,BAHIA,Brasil,2928901,29,33,,,,Cerrado,19.5
0971cf6e-f05c-307a-98c6-b803bc299b02, -13.036540, -45.004760,2025-04-07 17:32:00,AQUA_M-T,SÃO DESIDÉRIO,BAHIA,Brasil,2928901,29,33,,,,Cerrado,67.8
53d487cb-2fe2-3ebf-9ec5-89e8d2278f01, -11.387790, -37.935560,2025-04-07 17:32:00,AQUA_M-T,TOMAR DO GERU,SERGIPE,Brasil,2807501,28,33,,,,Caatinga,7.4
1811a858-a8da-3215-82bf-f7fd9c290a06, -17.940310, -44.414550,2025-04-07 17:32:00,AQUA_M-T,LASSANCE,MINAS GERAIS,Brasil,3138104,31,33,,,,Cerrado,12.6
024aa6f2-f73d-3f72-b2b6-441c4c685418, -12.110280, -45.635870,2025-04-07 17:32:00,AQUA_M-T,LUÍS EDUARDO MAGALHÃES,BAHIA,Brasil,2919553,29,33,,,,Cerrado,284.9
848469d3-3b26-378b-8bf4-b4df122c0323, -11.842020, -43.814240,2025-04-07 17:32:00,AQUA_M-T,WANDERLEY,BAHIA,Brasil,2933455,29,33,,,,Cerrado,42.8
09be0239-dc34-378a-a2db-666ab81a6f3f, -13.035090, -44.993980,2025-04-07 17:32:00,AQUA_M-T,SÃO DESIDÉRIO,BAHIA,Brasil,2928901,29,33,,,,Cerrado,34.9
2941bd1c-942c-3703-abd1-5697b97e4e45, -15.029240, -45.950340,2025-04-07 17:32:00,AQUA_M-T,COCOS,BAHIA,Brasil,2908101,29,33,,,,Cerrado,14.9
bd303ba0-50d1-3987-b356-af97c6c12db6, -11.840700, -43.804860,2025-04-07 17:32:00,AQUA_M-T,WANDERLEY,BAHIA,Brasil,2933455,29,33,,,,Cerrado,36.9
0c477d09-9b24-3310-abb2-5a7476f111b4, -13.053020, -45.360220,2025-04-07 17:32:00,AQUA_M-T,SÃO DESIDÉRIO,BAHIA,Brasil,2928901,29,33,,,,Cerrado,9.5
3837d818-3c71-3798-8b45-fc5f865a0022, -17.941870, -44.426570,2025-04-07 17:32:00,AQUA_M-T,LASSANCE,MINAS GERAIS,Brasil,3138104,31,33,,,,Cerrado,28.3
59915c25-da5a-308e-9057-b06cddc781c5, -13.186460, -43.417950,2025-04-07 17:32:00,AQUA_M-T,BOM JESUS DA LAPA,BAHIA,Brasil,2903904,29,33,,,,Cerrado,30.4
6315eb20-a8a5-34a0-8580-fba7440ac52f, -13.293260, -44.644050,2025-04-07 17:32:00,AQUA_M-T,CORRENTINA,BAHIA,Brasil,2909307,29,33,,,,Cerrado,11.4
7ac1fa9a-2800-3337-a215-45e0b0024c57, -12.111820, -45.647430,2025-04-07 17:32:00,AQUA_M-T,LUÍS EDUARDO MAGALHÃES,BAHIA,Brasil,2919553,29,33,,,,Cerrado,24.6
4b1642a6-8aae-3ae0-8828-cdf2e2560357, -11.628900, -40.499470,2025-04-07 17:32:00,AQUA_M-T,MIGUEL CALMON,BAHIA,Brasil,2921203,29,33,,,,Caatinga,5.8
c84c28fa-4b29-317b-b492-94b457e38f43, -12.108740, -45.624390,2025-04-07 17:32:00,AQUA_M-T,BARREIRAS,BAHIA,Brasil,2903201,29,33,,,,Cerrado,75.5
2e1a157a-cb0f-3a43-9c3c-6ca8822ed782, -13.038580, -45.093610,2025-04-07 17:32:00,AQUA_M-T,SÃO DESIDÉRIO,BAHIA,Brasil,2928901,29,33,,,,Cerrado,11.8
974dd94b-9cb7-3f4c-9577-0cdf21acea2f, -15.496700, -39.812830,2025-04-07 17:32:00,AQUA_M-T,PAU BRASIL,BAHIA,Brasil,2923902,29,33,,,,Mata Atlântica,9.7
ea6802d9-1ac0-372f-ae37-2a53bbb2041c, -12.114370, -41.316350,2025-04-07 17:32:00,AQUA_M-T,BONITO,BAHIA,Brasil,2904050,29,33,,,,Caatinga,7.3
5f4b5c5a-1d58-31eb-9049-679b7e89825b, -13.024190, -40.493660,2025-04-07 17:32:00,AQUA_M-T,MARCIONÍLIO SOUZA,BAHIA,Brasil,2920809,29,33,,,,Caatinga,9.4
2e761425-974c-3fa4-a91c-4e2c2a965d2d, -13.288000, -38.984000,2025-04-07 17:32:00,AQUA_M-T,VALENÇA,BAHIA,Brasil,2932903,29,33,,,,Mata Atlântica,12.5
fcca61a4-b45c-3f1d-b742-e85830d26b67, -13.289830, -38.995530,2025-04-07 17:32:00,AQUA_M-T,VALENÇA,BAHIA,Brasil,2932903,29,33,,,,Mata Atlântica,21.2
ea922733-cb71-31f8-a8b0-33cab2fab59d, -10.012750, -44.375560,2025-04-07 17:34:00,AQUA_M-T,CURIMATÁ,PIAUÍ,Brasil,2203206,22,33,,,,Cerrado,12.6
34458f39-4fe9-324e-9e86-6651ab882cae, -10.671180, -44.400010,2025-04-07 17:34:00,AQUA_M-T,SANTA RITA DE CÁSSIA,BAHIA,Brasil,2928406,29,33,,,,Cerrado,67.3
ef0d2b36-5098-3e4d-b659-2ca4fe6bfa28, -10.652960, -44.402650,2025-04-07 17:34:00,AQUA_M-T,SANTA RITA DE CÁSSIA,BAHIA,Brasil,2928406,29,33,,,,Cerrado,20.4
9e19e5c1-67e8-3c9f-a4e5-70fee040585c, -10.593460, -44.775890,2025-04-07 17:34:00,AQUA_M-T,SEBASTIÃO BARROS,PIAUÍ,Brasil,2210623,22,33,,,,Cerrado,11.0
cfc4ebc9-cc0e-3ded-8c07-bbb17600749f, -10.669840, -44.390440,2025-04-07 17:34:00,AQUA_M-T,SANTA RITA DE CÁSSIA,BAHIA,Brasil,2928406,29,33,,,,Cerrado,70.9
b2a81304-2969-3fe7-88cb-c5422f478faf, -10.011420, -44.366120,2025-04-07 17:34:00,AQUA_M-T,CURIMATÁ,PIAUÍ,Brasil,2203206,22,33,,,,Cerrado,8.6
2b5585a8-1cdb-3758-88f6-e77b66f239df,  -4.609670, -43.320140,2025-04-07 17:34:00,AQUA_M-T,ALDEIAS ALTAS,MARANHÃO,Brasil,2100303,21,33,,,,Cerrado,6.7
111d9691-ed3f-3402-9968-000a252b8124,  -6.878640, -41.687100,2025-04-07 17:34:00,AQUA_M-T,IPIRANGA DO PIAUÍ,PIAUÍ,Brasil,2204808,22,33,,,,Caatinga,12.0
f05e3f3e-1735-3185-adb8-134afee350fd,  -3.982330, -45.224450,2025-04-07 17:34:00,AQUA_M-T,SATUBINHA,MARANHÃO,Brasil,2111722,21,33,,,,Amazônia,7.9
4d689c84-51cb-31ec-be13-3b69420df281, -21.021840, -52.971920,2025-04-07 17:37:00,NPP-375,SANTA RITA DO PARDO,MATO GROSSO DO SUL,Brasil,5007554,50,33,,,,Cerrado,6.4
514fdbee-984c-37e5-8fd0-ed0ee60f49b6, -20.035690, -47.818310,2025-04-07 17:37:00,NPP-375,IGARAPAVA,SÃO PAULO,Brasil,3520103,35,33,,,,Cerrado,6.3
cda9bbd8-606f-3c93-b0c0-e7c2d3d84b0a, -21.576620, -55.969940,2025-04-07 17:37:00,NPP-375,GUIA LOPES DA LAGUNA,MATO GROSSO DO SUL,Brasil,5004106,50,33,,,,Cerrado,9.2
7fd6e255-bd69-38c0-801b-e1418950932f, -20.167670, -54.601860,2025-04-07 17:37:00,NPP-375,JARAGUARI,MATO GROSSO DO SUL,Brasil,5004908,50,33,,,,Cerrado,15.3
fd74cce3-97cf-3c66-a1d2-1b1036b94c45, -19.585820, -53.856320,2025-04-07 17:37:00,NPP-375,RIBAS DO RIO PARDO,MATO GROSSO DO SUL,Brasil,5007109,50,33,,,,Cerrado,3.9
278eb476-046b-3ff5-9897-fc4822bad65a, -19.406740, -56.610600,2025-04-07 17:37:00,NPP-375,CORUMBÁ,MATO GROSSO DO SUL,Brasil,5003207,50,33,,,,Pantanal,6.0
a471e96d-fd96-3165-b144-f0f11525891e, -18.563510, -48.194820,2025-04-07 17:37:00,NPP-375,ARAGUARI,MINAS GERAIS,Brasil,3103504,31,33,,,,Cerrado,3.6
cedf2e08-82cb-315a-868c-83d9fbef3a8b, -19.400490, -56.574660,2025-04-07 17:37:00,NPP-375,CORUMBÁ,MATO GROSSO DO SUL,Brasil,5003207,50,33,,,,Pantanal,14.8
8b777e99-09b3-3240-b343-1f8913b0c8ec, -19.402310, -56.606810,2025-04-07 17:37:00,NPP-375,CORUMBÁ,MATO GROSSO DO SUL,Brasil,5003207,50,33,,,,Pantanal,11.5
d465daa0-464b-3662-a100-23aa658c1212, -20.034570, -47.813450,2025-04-07 17:37:00,NPP-375,IGARAPAVA,SÃO PAULO,Brasil,3520103,35,33,,,,Cerrado,6.3
f4c63ec1-a14d-3634-b18f-4de86e46b425, -22.875570, -50.996830,2025-04-07 17:37:00,NPP-375,PRIMEIRO DE MAIO,PARANÁ,Brasil,4120507,41,33,,,,Mata Atlântica,3.3
e9382071-45a3-3ccf-a880-98e96dd13d80, -19.403090, -56.611290,2025-04-07 17:37:00,NPP-375,CORUMBÁ,MATO GROSSO DO SUL,Brasil,5003207,50,33,,,,Pantanal,6.0
7e34a002-420a-32fa-95af-d72b58003b30, -21.433470, -54.153920,2025-04-07 17:37:00,NPP-375,NOVA ALVORADA DO SUL,MATO GROSSO DO SUL,Brasil,5006002,50,33,,,,Cerrado,2.8
da5e686f-0c64-3fc9-bae4-d9a79c8c9ce6, -19.600490, -53.840160,2025-04-07 17:37:00,NPP-375,RIBAS DO RIO PARDO,MATO GROSSO DO SUL,Brasil,5007109,50,33,,,,Cerrado,4.6
5e9e0fe4-5730-3d7f-baf1-08666ba38585, -18.571920, -48.184440,2025-04-07 17:37:00,NPP-375,ARAGUARI,MINAS GERAIS,Brasil,3103504,31,33,,,,Cerrado,5.3
7d2adc01-58fd-3dc5-9043-8d29e520ac62, -20.166960, -54.598010,2025-04-07 17:37:00,NPP-375,JARAGUARI,MATO GROSSO DO SUL,Brasil,5004908,50,33,,,,Cerrado,15.3
ae162acb-a1b3-3c9d-87e8-6e4c3939c367, -23.559290, -54.502300,2025-04-07 17:37:00,NPP-375,IGUATEMI,MATO GROSSO DO SUL,Brasil,5004304,50,33,,,,Mata Atlântica,5.4
db948ee6-72bf-3439-83a4-063c5a039468, -19.952760, -47.230460,2025-04-07 17:37:00,NPP-375,SACRAMENTO,MINAS GERAIS,Brasil,3156908,31,33,,,,Cerrado,1.6
f1599aa8-7107-352b-b7d4-fd52f1b71730, -16.892760, -50.053320,2025-04-07 17:37:00,NPP-375,PALMEIRAS DE GOIÁS,GOIÁS,Brasil,5215702,52,33,,,,Cerrado,3.3
45acc2ed-ecfe-3216-b758-143313520151, -19.178740, -52.439000,2025-04-07 17:37:00,NPP-375,CASSILÂNDIA,MATO GROSSO DO SUL,Brasil,5002902,50,33,,,,Cerrado,12.9
8ddbe246-9eee-3524-b1a1-c476456bb2fb, -21.886190, -56.112890,2025-04-07 17:37:00,NPP-375,BELA VISTA,MATO GROSSO DO SUL,Brasil,5002100,50,33,,,,Cerrado,9.0
6752faf6-2aac-31f7-b2d3-7b97e2eeea2a, -23.208780, -48.872080,2025-04-07 17:37:00,NPP-375,AVARÉ,SÃO PAULO,Brasil,3504503,35,33,,,,Cerrado,3.1
773051cb-9ecc-3090-b0d3-a72be387f7ef, -23.560460, -54.504090,2025-04-07 17:37:00,NPP-375,IGUATEMI,MATO GROSSO DO SUL,Brasil,5004304,50,33,,,,Mata Atlântica,13.8
436757e5-fe1a-3ac7-a275-d9c31e08cb9e, -23.560210, -54.507350,2025-04-07 17:37:00,NPP-375,IGUATEMI,MATO GROSSO DO SUL,Brasil,5004304,50,33,,,,Mata Atlântica,5.4
2082af61-3299-3d22-a478-7b8250645a1c, -19.179760, -52.444110,2025-04-07 17:37:00,NPP-375,CASSILÂNDIA,MATO GROSSO DO SUL,Brasil,5002902,50,33,,,,Cerrado,6.9
03a2be81-3804-3a30-92b2-f37b7a40b17e, -19.403870, -56.615780,2025-04-07 17:37:00,NPP-375,CORUMBÁ,MATO GROSSO DO SUL,Brasil,5003207,50,33,,,,Pantanal,6.0
d472f7a2-9da9-3e00-b052-d5de3b5dd203, -14.528990, -58.691840,2025-04-07 17:39:00,NPP-375,TANGARÁ DA SERRA,MATO GROSSO,Brasil,5107958,51,33,,,,Cerrado,22.6
ea657551-f474-3a51-9a01-ef1c2c4f8187, -14.848860, -46.942560,2025-04-07 17:39:00,NPP-375,FLORES DE GOIÁS,GOIÁS,Brasil,5207907,52,33,,,,Cerrado,4.9
5f02df14-9206-3441-b6c5-5813c0feec97, -14.521770, -58.689130,2025-04-07 17:39:00,NPP-375,TANGARÁ DA SERRA,MATO GROSSO,Brasil,5107958,51,33,,,,Cerrado,40.7
5ef98998-1932-3f42-8932-6c34540658d2, -13.919400, -52.374310,2025-04-07 17:39:00,NPP-375,ÁGUA BOA,MATO GROSSO,Brasil,5100201,51,33,,,,Cerrado,2.3
0eb0372f-8238-346a-b134-749cbe4a42e6, -14.524800, -58.688390,2025-04-07 17:39:00,NPP-375,TANGARÁ DA SERRA,MATO GROSSO,Brasil,5107958,51,33,,,,Cerrado,22.6
d32d8e49-b763-3f0f-8388-27006b09b80a, -11.058670, -49.748780,2025-04-07 17:39:00,NPP-375,DUERÉ,TOCANTINS,Brasil,1707306,17,33,,,,Cerrado,5.4
3ad0f4ab-ed37-3394-b4bc-a69aadcf1879, -14.525950, -58.692570,2025-04-07 17:39:00,NPP-375,TANGARÁ DA SERRA,MATO GROSSO,Brasil,5107958,51,33,,,,Cerrado,68.9
ae46fd1c-46eb-374a-ae98-6e7369eb83e5, -14.522420, -58.693150,2025-04-07 17:39:00,NPP-375,TANGARÁ DA SERRA,MATO GROSSO,Brasil,5107958,51,33,,,,Cerrado,40.7
6d702abd-9a39-338b-b31d-ec2222fd0293, -11.059280, -49.750960,2025-04-07 17:39:00,NPP-375,DUERÉ,TOCANTINS,Brasil,1707306,17,33,,,,Cerrado,5.3
5e168cc5-e414-386c-94d0-f5b851aed163, -14.525460, -58.692420,2025-04-07 17:39:00,NPP-375,TANGARÁ DA SERRA,MATO GROSSO,Brasil,5107958,51,33,,,,Cerrado,22.6
8d77eed7-893d-3a18-aaff-9a81a3297ad4, -14.521510, -58.709870,2025-04-07 17:39:00,NPP-375,TANGARÁ DA SERRA,MATO GROSSO,Brasil,5107958,51,33,,,,Cerrado,2.9
8171f455-27f6-38f8-8b69-c1d16e1161da,  -9.921680, -59.911050,2025-04-07 17:39:00,NPP-375,ARIPUANÃ,MATO GROSSO,Brasil,5101407,51,33,,,,Amazônia,3.7
a56a0244-3151-3270-9bb3-9d824aca0d2c, -21.576850, -55.966620,2025-04-07 18:00:00,NOAA-20,GUIA LOPES DA LAGUNA,MATO GROSSO DO SUL,Brasil,5004106,50,33,,,,Cerrado,7.8
8ca372b0-f331-3895-8b45-5cb50c5defc0, -23.224110, -52.265170,2025-04-07 18:00:00,NOAA-20,NOVA ESPERANÇA,PARANÁ,Brasil,4116901,41,33,,,,Mata Atlântica,5.9
4c209b2d-b900-3cf1-8ea1-fc7627a3cb73, -19.400980, -56.559460,2025-04-07 18:00:00,NOAA-20,CORUMBÁ,MATO GROSSO DO SUL,Brasil,5003207,50,33,,,,Pantanal,8.8
236d292f-fef6-33e6-88e9-4e58e1d3936e, -19.434920, -54.780580,2025-04-07 18:00:00,NOAA-20,SÃO GABRIEL DO OESTE,MATO GROSSO DO SUL,Brasil,5007695,50,33,,,,Cerrado,9.4
6099d879-def7-32ea-90e9-6a77dbf5caa7, -19.397880, -56.571230,2025-04-07 18:00:00,NOAA-20,CORUMBÁ,MATO GROSSO DO SUL,Brasil,5003207,50,33,,,,Pantanal,2.0
0605a803-6b2a-30ed-b90a-1ad428c9cf24, -21.876440, -53.718940,2025-04-07 18:00:00,NOAA-20,NOVA ANDRADINA,MATO GROSSO DO SUL,Brasil,5006200,50,33,,,,Cerrado,10.1
0ae44bf1-4528-3b11-a145-0c7a48db5003, -21.579050, -55.967700,2025-04-07 18:00:00,NOAA-20,GUIA LOPES DA LAGUNA,MATO GROSSO DO SUL,Brasil,5004106,50,33,,,,Cerrado,7.4
babef816-5a75-3d0d-9e5a-4bab4f653398, -19.405230, -56.606320,2025-04-07 18:00:00,NOAA-20,CORUMBÁ,MATO GROSSO DO SUL,Brasil,5003207,50,33,,,,Pantanal,2.4
d154e843-a68e-3529-adcd-ca8c5bae830a, -21.890740, -53.725950,2025-04-07 18:00:00,NOAA-20,NOVA ANDRADINA,MATO GROSSO DO SUL,Brasil,5006200,50,33,,,,Cerrado,4.0
2b92c2dd-dacb-3dfd-8ae8-db52e3097387, -19.433870, -54.775890,2025-04-07 18:00:00,NOAA-20,SÃO GABRIEL DO OESTE,MATO GROSSO DO SUL,Brasil,5007695,50,33,,,,Cerrado,9.4
2bffa80c-65f3-3017-897b-1d2c6dac2d38, -21.577650, -55.970220,2025-04-07 18:00:00,NOAA-20,GUIA LOPES DA LAGUNA,MATO GROSSO DO SUL,Brasil,5004106,50,33,,,,Cerrado,6.0
8b2960c8-e97d-3034-a4fb-08d47d9d5d08, -23.560370, -54.504800,2025-04-07 18:00:00,NOAA-20,IGUATEMI,MATO GROSSO DO SUL,Brasil,5004304,50,33,,,,Mata Atlântica,9.8
19b975e9-ee33-3fef-99eb-2a3c8080923c, -19.404500, -56.602820,2025-04-07 18:00:00,NOAA-20,CORUMBÁ,MATO GROSSO DO SUL,Brasil,5003207,50,33,,,,Pantanal,2.4
ec1f20ca-d33b-3279-ba58-5b24e773021b, -19.394930, -56.557170,2025-04-07 18:00:00,NOAA-20,CORUMBÁ,MATO GROSSO DO SUL,Brasil,5003207,50,33,,,,Pantanal,7.4
f204b544-6a33-30c8-8459-3491a7a58b62, -20.167700, -54.598210,2025-04-07 18:00:00,NOAA-20,JARAGUARI,MATO GROSSO DO SUL,Brasil,5004908,50,33,,,,Cerrado,8.7
b698f229-d437-3eab-bec0-ab3120d282aa, -23.563570, -54.500330,2025-04-07 18:00:00,NOAA-20,IGUATEMI,MATO GROSSO DO SUL,Brasil,5004304,50,33,,,,Mata Atlântica,4.8
f528ef35-b3c7-3a49-b7a9-00d6e156ba05, -14.512900, -58.690660,2025-04-07 18:02:00,NOAA-20,TANGARÁ DA SERRA,MATO GROSSO,Brasil,5107958,51,33,,,,Cerrado,28.3
b6fa9e08-9c9d-3f91-a58e-e1be8b9fc903, -16.376400, -58.176220,2025-04-07 18:02:00,NOAA-20,CÁCERES,MATO GROSSO,Brasil,5102504,51,33,,,,Pantanal,6.1
7b3e74f2-45df-37b2-b87b-5f3dcf68814b, -16.378350, -58.173510,2025-04-07 18:02:00,NOAA-20,CÁCERES,MATO GROSSO,Brasil,5102504,51,33,,,,Pantanal,7.8
337dba2c-7966-333a-b167-8090a8edfc06, -16.381490, -58.175140,2025-04-07 18:02:00,NOAA-20,CÁCERES,MATO GROSSO,Brasil,5102504,51,33,,,,Pantanal,6.1
967e4070-85b1-365a-aa9e-a0ac0817a26e, -14.517420, -58.686600,2025-04-07 18:02:00,NOAA-20,TANGARÁ DA SERRA,MATO GROSSO,Brasil,5107958,51,33,,,,Cerrado,28.3
b0a0222d-b90f-310f-8028-96c7071719a0, -14.521560, -58.708320,2025-04-07 18:02:00,NOAA-20,TANGARÁ DA SERRA,MATO GROSSO,Brasil,5107958,51,33,,,,Cerrado,2.8
0ba48af5-f318-320c-b85f-eafc7e126770, -14.525090, -58.686170,2025-04-07 18:02:00,NOAA-20,TANGARÁ DA SERRA,MATO GROSSO,Brasil,5107958,51,33,,,,Cerrado,32.7
4965cacb-231d-36f4-b498-83343c6f9350, -12.963160, -56.811310,2025-04-07 18:02:00,NOAA-20,NOVA MARINGÁ,MATO GROSSO,Brasil,5108907,51,33,,,,Amazônia,0.9
2b7a1189-48bc-3164-9da4-fb3cb98a7ef6, -14.522530, -58.685680,2025-04-07 18:02:00,NOAA-20,TANGARÁ DA SERRA,MATO GROSSO,Brasil,5107958,51,33,,,,Cerrado,31.5
7765f96b-3ae9-3fca-9280-6f215be04aa8, -14.393260, -58.604700,2025-04-07 18:02:00,NOAA-20,TANGARÁ DA SERRA,MATO GROSSO,Brasil,5107958,51,33,,,,Cerrado,3.0
dc3d8b0a-b3bd-3d5f-8252-62f8deea8cdb, -14.512300, -58.687570,2025-04-07 18:02:00,NOAA-20,TANGARÁ DA SERRA,MATO GROSSO,Brasil,5107958,51,33,,,,Cerrado,28.3
fa7e9481-7b97-38f6-a141-6d107e0a6687, -14.451060, -58.618020,2025-04-07 18:02:00,NOAA-20,TANGARÁ DA SERRA,MATO GROSSO,Brasil,5107958,51,33,,,,Cerrado,3.3
87040549-cf77-3abe-9649-deeb0153cb75, -14.526310, -58.692340,2025-04-07 18:02:00,NOAA-20,TANGARÁ DA SERRA,MATO GROSSO,Brasil,5107958,51,33,,,,Cerrado,26.7
01a9604f-7237-3cca-ba76-1eba453f99d5, -14.523120, -58.688760,2025-04-07 18:02:00,NOAA-20,TANGARÁ DA SERRA,MATO GROSSO,Brasil,5107958,51,33,,,,Cerrado,31.5
1e9c9c50-f8f0-3cb3-9c44-dbb6493ba1bd, -16.382090, -58.178260,2025-04-07 18:02:00,NOAA-20,CÁCERES,MATO GROSSO,Brasil,5102504,51,33,,,,Pantanal,9.0
eb29ccae-a92c-3daa-a6f8-3b4afefeef03, -14.530830, -58.688400,2025-04-07 18:02:00,NOAA-20,TANGARÁ DA SERRA,MATO GROSSO,Brasil,5107958,51,33,,,,Cerrado,26.7
314cd153-f7ef-3dec-becb-05548d453ebb, -14.528250, -58.687880,2025-04-07 18:02:00,NOAA-20,TANGARÁ DA SERRA,MATO GROSSO,Brasil,5107958,51,33,,,,Cerrado,31.5
18f10e69-0760-36ab-852e-497ad70f7619, -14.523710, -58.691860,2025-04-07 18:02:00,NOAA-20,TANGARÁ DA SERRA,MATO GROSSO,Brasil,5107958,51,33,,,,Cerrado,20.6
6509644a-2a16-3aa9-9612-705236047dc2, -16.378980, -58.176590,2025-04-07 18:02:00,NOAA-20,CÁCERES,MATO GROSSO,Brasil,5102504,51,33,,,,Pantanal,14.3
38c7e75c-bebc-31ff-9b5b-0b8aa59b0fcd, -14.513490, -58.693760,2025-04-07 18:02:00,NOAA-20,TANGARÁ DA SERRA,MATO GROSSO,Brasil,5107958,51,33,,,,Cerrado,15.0
23e4c447-b7c2-3b3f-86e9-abd322b7e72d, -14.528840, -58.690990,2025-04-07 18:02:00,NOAA-20,TANGARÁ DA SERRA,MATO GROSSO,Brasil,5107958,51,33,,,,Cerrado,20.6
18c7d8a0-4d18-3328-9882-f86670a12620,  -9.927650, -59.902260,2025-04-07 18:04:00,NOAA-20,ARIPUANÃ,MATO GROSSO,Brasil,5101407,51,33,,,,Amazônia,3.0
d167f1d2-8841-3f3d-b25b-82a4d56dd910,  -8.939590, -64.135190,2025-04-07 18:04:00,NOAA-20,PORTO VELHO,RONDÔNIA,Brasil,1100205,11,33,,,,Amazônia,5.1
d9b6e45f-6d43-373f-8a42-b0aea48e8c35, -11.868740, -62.764260,2025-04-07 18:04:00,NOAA-20,SÃO MIGUEL DO GUAPORÉ,RONDÔNIA,Brasil,1100320,11,33,,,,Amazônia,5.1
dcc7223a-4b12-3e59-9104-d855a3af293b, -11.882290, -62.769540,2025-04-07 18:04:00,NOAA-20,SÃO MIGUEL DO GUAPORÉ,RONDÔNIA,Brasil,1100320,11,33,,,,Amazônia,5.5
6817f573-60fe-3b90-8181-761bb6b88bb2, -13.287800, -41.462502,2025-04-07 23:46:00,METOP-C,MUCUGÊ,BAHIA,Brasil,2921906,29,33,,,,Caatinga,
4c5cfec9-f470-378c-9204-c253a6f62c5a, -13.297600, -41.460602,2025-04-07 23:46:00,METOP-C,MUCUGÊ,BAHIA,Brasil,2921906,29,33,,,,Caatinga,
32befed6-f1d6-333d-a4a6-a2361220cd9a, -10.724300, -42.327301,2025-04-07 23:46:00,METOP-C,ITAGUAÇU DA BAHIA,BAHIA,Brasil,2915353,29,33,,,,Caatinga,
f5bab824-2e9e-3111-8578-00cb4ec5f8ae, -13.294500, -41.444801,2025-04-07 23:46:00,METOP-C,IBICOARA,BAHIA,Brasil,2912202,29,33,,,,Caatinga,
b0b7baca-6af1-3a46-b561-2477dfda80f3, -13.199400, -38.896301,2025-04-07 23:46:00,METOP-C,JAGUARIPE,BAHIA,Brasil,2917805,29,33,,,,Mata Atlântica,
d59775c7-3c31-3ea2-8bff-54d0b009a115, -13.281700, -41.431000,2025-04-07 23:46:00,METOP-C,IBICOARA,BAHIA,Brasil,2912202,29,33,,,,Caatinga,
91e73938-ae53-32ea-9f2b-1679a9a26251, -13.284700, -41.446701,2025-04-07 23:46:00,METOP-C,IBICOARA,BAHIA,Brasil,2912202,29,33,,,,Caatinga,
6f8f3b9a-df96-3441-8fd2-a442dc1aa31a, -10.734000, -42.325298,2025-04-07 23:46:00,METOP-C,ITAGUAÇU DA BAHIA,BAHIA,Brasil,2915353,29,33,,,,Caatinga,
71a4ffb4-d467-358f-9bc8-b42a5bc80acd, -13.201600, -38.907001,2025-04-07 23:46:00,METOP-C,JAGUARIPE,BAHIA,Brasil,2917805,29,33,,,,Mata Atlântica,
ebc5ce62-a539-3ab7-b011-cd95db6dd13c, -13.291400, -41.429100,2025-04-07 23:46:00,METOP-C,IBICOARA,BAHIA,Brasil,2912202,29,33,,,,Caatinga,
